Imports For Consumption | Annual + Year-To-Date Data from Jan - Sep,,,,,,,,
Data Row Count,294,,,,,,,
Data Type,Country,HTS Number,Description,Year 2021,Year 2022,Year 2023,2023 YTD ( Jan - Sep ),2024 YTD ( Jan - Sep )
Customs Value,Mexico,36,EXPLOSIVES; PYROTECHNIC PRODUCTS; MATCHES; PYROPHORIC ALLOYS; CERTAIN COMBUSTIBLE PREPARATIONS,"104,171,175","113,656,404","113,047,599","84,818,418","84,529,079"
Customs Value,Mexico,52,"COTTON, INCLUDING YARNS AND WOVEN FABRICS THEREOF","62,099,638","54,990,719","53,256,305","39,243,036","41,980,604"
Customs Value,Canada,15,ANIMAL OR VEGETABLE FATS AND OILS AND THEIR CLEAVAGE PRODUCTS; PREPARED EDIBLE FATS; ANIMAL OR VEGETABLE WAXES,"3,682,298,735","5,205,086,116","5,949,419,291","4,445,221,515","3,812,981,061"
Customs Value,Mexico,30,PHARMACEUTICAL PRODUCTS,"657,265,096","783,870,573","895,854,256","648,527,811","791,706,172"
Customs Value,Canada,07,EDIBLE VEGETABLES AND CERTAIN ROOTS AND TUBERS,"2,400,074,437","2,857,763,103","2,994,285,295","2,306,287,296","2,357,930,876"
Customs Value,China,15,ANIMAL OR VEGETABLE FATS AND OILS AND THEIR CLEAVAGE PRODUCTS; PREPARED EDIBLE FATS; ANIMAL OR VEGETABLE WAXES,"59,209,589","67,609,383","816,949,389","533,554,677","956,508,796"
Customs Value,Canada,25,"SALT; SULFUR; EARTHS AND STONE; PLASTERING MATERIALS, LIME AND CEMENT","1,389,102,543","1,490,556,982","1,420,445,095","1,061,395,915","1,040,766,437"
Customs Value,Mexico,34,"SOAP ETC.; LUBRICATING PRODUCTS; WAXES, POLISHING OR SCOURING PRODUCTS; CANDLES ETC., MODELING PASTES; DENTAL WAXES AND DENTAL PLASTER PREPARATIONS","797,489,270","963,647,362","1,023,878,961","767,634,190","771,181,488"
Customs Value,Canada,63,MADE-UP TEXTILE ARTICLES NESOI; NEEDLECRAFT SETS; WORN CLOTHING AND WORN TEXTILE ARTICLES; RAGS,"125,916,476","123,642,653","121,157,821","90,686,351","94,997,748"
Customs Value,Canada,96,MISCELLANEOUS MANUFACTURED ARTICLES,"801,150,217","813,779,484","885,830,460","667,423,112","667,812,796"
Customs Value,China,06,"LIVE TREES AND OTHER PLANTS; BULBS, ROOTS AND THE LIKE; CUT FLOWERS AND ORNAMENTAL FOLIAGE","97,565,024","115,904,543","84,112,967","59,127,693","66,676,402"
Customs Value,China,39,PLASTICS AND ARTICLES THEREOF,"23,768,429,473","22,770,034,621","18,157,666,255","13,555,938,996","14,481,816,571"
Customs Value,Canada,24,TOBACCO AND MANUFACTURED TOBACCO SUBSTITUTES,"120,100,722","111,090,762","133,443,190","65,089,682","113,714,717"
Customs Value,China,78,LEAD AND ARTICLES THEREOF,"54,788,617","161,851,654","16,524,296","15,866,721","2,556,098"
Customs Value,Canada,76,ALUMINUM AND ARTICLES THEREOF,"10,894,630,143","12,859,214,932","11,119,530,247","8,515,454,016","8,535,000,434"
Customs Value,Mexico,80,TIN AND ARTICLES THEREOF,"38,944,458","37,665,760","47,824,348","36,042,200","28,345,515"
Customs Value,Canada,06,"LIVE TREES AND OTHER PLANTS; BULBS, ROOTS AND THE LIKE; CUT FLOWERS AND ORNAMENTAL FOLIAGE","659,703,228","713,599,778","778,435,494","554,210,851","582,069,374"
Customs Value,Mexico,94,"FURNITURE; BEDDING, CUSHIONS ETC.; LAMPS AND LIGHTING FITTINGS NESOI; ILLUMINATED SIGNS, NAMEPLATES AND THE LIKE; PREFABRICATED BUILDINGS","11,247,070,703","12,943,171,123","13,233,209,140","10,090,794,352","9,728,053,910"
Customs Value,Canada,61,"ARTICLES OF APPAREL AND CLOTHING ACCESSORIES, KNITTED OR CROCHETED","146,654,718","143,899,205","123,468,150","94,258,386","87,802,931"
Customs Value,Canada,44,WOOD AND ARTICLES OF WOOD; WOOD CHARCOAL,"18,951,901,854","16,647,440,549","10,987,411,976","8,330,269,249","8,503,322,648"
Customs Value,Canada,51,"WOOL AND FINE OR COARSE ANIMAL HAIR, INCLUDING YARNS AND WOVEN FABRICS THEREOF; HORSEHAIR YARN AND WOVEN FABRIC","17,835,164","21,244,081","18,752,807","15,784,984","14,418,505"
Customs Value,China,05,"PRODUCTS OF ANIMAL ORIGIN, NESOI","209,697,638","219,333,968","145,789,042","104,378,827","135,732,490"
Customs Value,China,30,PHARMACEUTICAL PRODUCTS,"3,391,667,197","10,214,032,510","6,250,955,020","4,617,407,052","5,873,927,329"
Customs Value,Canada,08,EDIBLE FRUIT AND NUTS; PEEL OF CITRUS FRUIT OR MELONS,"482,003,565","598,189,725","585,093,493","449,960,888","432,501,203"
Customs Value,Mexico,69,CERAMIC PRODUCTS,"1,180,452,432","1,238,828,617","1,335,889,789","1,015,608,913","983,668,886"
Customs Value,Mexico,16,"EDIBLE PREPARATIONS OF MEAT, FISH, CRUSTACEANS, MOLLUSCS OR OTHER AQUATIC INVERTEBRATES","157,298,254","186,203,782","193,050,545","140,633,106","142,575,772"
Customs Value,Mexico,70,GLASS AND GLASSWARE,"1,690,402,004","1,939,704,397","1,878,114,607","1,455,311,884","1,426,350,810"
Customs Value,China,18,COCOA AND COCOA PREPARATIONS,"18,217,207","20,248,589","15,105,664","10,936,951","10,552,905"
Customs Value,Canada,13,LAC; GUMS; RESINS AND OTHER VEGETABLE SAPS AND EXTRACTS,"14,783,818","17,675,841","22,632,557","16,899,174","12,362,122"
Customs Value,China,29,ORGANIC CHEMICALS,"9,906,531,070","13,080,906,271","7,897,250,118","6,127,594,280","6,218,841,533"
Customs Value,Mexico,95,"TOYS, GAMES AND SPORTS EQUIPMENT; PARTS AND ACCESSORIES THEREOF","1,244,146,756","1,423,749,786","1,536,003,328","1,146,390,478","1,195,090,357"
Customs Value,Canada,73,ARTICLES OF IRON OR STEEL,"4,819,800,768","5,753,049,702","5,884,226,219","4,523,987,630","4,103,347,137"
Customs Value,Mexico,21,MISCELLANEOUS EDIBLE PREPARATIONS,"702,502,958","933,979,617","1,082,539,478","805,563,020","1,008,606,809"
Customs Value,China,34,"SOAP ETC.; LUBRICATING PRODUCTS; WAXES, POLISHING OR SCOURING PRODUCTS; CANDLES ETC., MODELING PASTES; DENTAL WAXES AND DENTAL PLASTER PREPARATIONS","634,147,130","649,733,205","596,044,663","432,528,245","522,762,137"
Customs Value,China,61,"ARTICLES OF APPAREL AND CLOTHING ACCESSORIES, KNITTED OR CROCHETED","12,151,738,286","12,597,200,485","9,515,777,551","7,251,031,566","7,396,974,065"
Customs Value,Canada,94,"FURNITURE; BEDDING, CUSHIONS ETC.; LAMPS AND LIGHTING FITTINGS NESOI; ILLUMINATED SIGNS, NAMEPLATES AND THE LIKE; PREFABRICATED BUILDINGS","4,802,793,752","5,732,503,963","5,736,861,229","4,343,861,748","4,138,221,014"
Customs Value,Canada,97,"WORKS OF ART, COLLECTORS' PIECES AND ANTIQUES","92,467,932","122,371,409","159,690,207","126,733,633","93,218,273"
Customs Value,China,24,TOBACCO AND MANUFACTURED TOBACCO SUBSTITUTES,"705,951","256,761,865","118,649,327","105,108,396","79,487,110"
Customs Value,China,93,ARMS AND AMMUNITION; PARTS AND ACCESSORIES THEREOF,"296,956,610","215,220,557","163,993,148","129,379,930","130,055,865"
Customs Value,Mexico,14,"VEGETABLE PLAITING MATERIALS AND VEGETABLE PRODUCTS, NESOI","66,381,631","59,431,795","63,216,580","35,262,444","60,355,135"
Customs Value,Canada,55,"MANMADE STAPLE FIBERS, INCLUDING YARNS AND WOVEN FABRICS THEREOF","46,398,744","53,045,197","56,387,006","43,511,264","42,977,035"
Customs Value,Canada,40,RUBBER AND ARTICLES THEREOF,"2,747,836,988","2,858,240,416","2,964,551,452","2,227,391,819","2,360,854,741"
Customs Value,Mexico,22,"BEVERAGES, SPIRITS AND VINEGAR","9,464,735,429","11,381,022,867","11,481,583,561","8,633,473,948","9,819,928,315"
Customs Value,Canada,57,CARPETS AND OTHER TEXTILE FLOOR COVERINGS,"53,368,397","47,940,639","35,005,941","27,309,118","26,663,729"
Customs Value,Mexico,73,ARTICLES OF IRON OR STEEL,"6,381,882,260","8,079,089,239","7,748,755,646","6,014,362,721","5,504,365,646"
Customs Value,Mexico,56,"WADDING, FELT AND NONWOVENS; SPECIAL YARNS; TWINE, CORDAGE, ROPES AND CABLES AND ARTICLES THEREOF","182,803,635","218,985,500","197,452,322","150,238,543","139,531,011"
Customs Value,China,53,VEGETABLE TEXTILE FIBERS NESOI; YARNS AND WOVEN FABRICS OF VEGETABLE TEXTILE FIBERS NESOI AND PAPER,"23,569,321","24,707,508","15,580,677","11,642,820","10,308,305"
Customs Value,Mexico,71,"NATURAL OR CULTURED PEARLS, PRECIOUS OR SEMIPRECIOUS STONES, PRECIOUS METALS; PRECIOUS METAL CLAD METALS, ARTICLES THEREOF; IMITATION JEWELRY; COIN","6,056,072,013","5,178,153,152","5,515,461,726","4,029,006,512","4,075,541,259"
Customs Value,Canada,87,"VEHICLES, OTHER THAN RAILWAY OR TRAMWAY ROLLING STOCK, AND PARTS AND ACCESSORIES THEREOF","38,014,705,972","43,300,691,896","55,840,307,835","41,179,743,600","38,017,510,910"
Customs Value,Mexico,82,"TOOLS, IMPLEMENTS, CUTLERY, SPOONS AND FORKS, OF BASE METAL; PARTS THEREOF OF BASE METAL","643,688,903","604,370,977","633,247,480","486,688,208","505,160,798"
Customs Value,China,81,BASE METALS NESOI; CERMETS; ARTICLES THEREOF,"391,379,137","658,483,368","598,665,425","475,228,647","580,642,722"
Customs Value,China,50,"SILK, INCLUDING YARNS AND WOVEN FABRICS THEREOF","9,383,634","16,508,323","11,920,592","9,021,438","11,331,962"
Customs Value,China,98,"SPECIAL CLASSIFICATION PROVISIONS, NESOI","5,524,042,215","5,355,636,413","5,239,431,353","3,876,881,572","4,763,948,057"
Customs Value,China,86,"RAILWAY OR TRAMWAY LOCOMOTIVES, ROLLING STOCK, TRACK FIXTURES AND FITTINGS, AND PARTS THEREOF; MECHANICAL ETC. TRAFFIC SIGNAL EQUIPMENT OF ALL KINDS","819,850,834","1,399,606,829","863,873,655","735,077,885","503,020,583"
Customs Value,China,04,"DAIRY PRODUCE; BIRDS' EGGS; NATURAL HONEY; EDIBLE PRODUCTS OF ANIMAL ORIGIN, NESOI","8,428,496","8,526,633","9,257,372","7,318,125","6,960,296"
Customs Value,Mexico,86,"RAILWAY OR TRAMWAY LOCOMOTIVES, ROLLING STOCK, TRACK FIXTURES AND FITTINGS, AND PARTS THEREOF; MECHANICAL ETC. TRAFFIC SIGNAL EQUIPMENT OF ALL KINDS","152,918,942","269,458,429","335,460,121","241,899,760","247,659,057"
Customs Value,China,19,"PREPARATIONS OF CEREALS, FLOUR, STARCH OR MILK; BAKERS' WARES","207,484,470","242,717,143","222,933,628","168,458,767","179,700,336"
Customs Value,Mexico,55,"MANMADE STAPLE FIBERS, INCLUDING YARNS AND WOVEN FABRICS THEREOF","50,383,994","68,714,046","65,381,579","46,699,213","53,241,835"
Customs Value,China,08,EDIBLE FRUIT AND NUTS; PEEL OF CITRUS FRUIT OR MELONS,"142,837,579","176,416,881","120,462,032","86,061,371","87,597,773"
Customs Value,Mexico,61,"ARTICLES OF APPAREL AND CLOTHING ACCESSORIES, KNITTED OR CROCHETED","1,055,261,863","1,143,372,780","1,042,865,877","805,674,956","744,940,819"
Customs Value,China,73,ARTICLES OF IRON OR STEEL,"13,540,926,628","14,164,935,841","10,604,794,999","7,867,234,393","8,833,816,358"
Customs Value,Canada,81,BASE METALS NESOI; CERMETS; ARTICLES THEREOF,"162,788,987","306,078,880","299,850,518","233,806,637","192,349,417"
Customs Value,China,67,PREPARED FEATHERS AND DOWN AND ARTICLES THEREOF; ARTIFICIAL FLOWERS; ARTICLES OF HUMAN HAIR,"2,436,782,520","2,582,691,152","1,777,041,221","1,347,938,751","1,398,495,807"
Customs Value,China,43,FURSKINS AND ARTIFICIAL FUR; MANUFACTURES THEREOF,"24,183,904","23,481,590","14,190,377","10,589,185","11,877,760"
Customs Value,Canada,67,PREPARED FEATHERS AND DOWN AND ARTICLES THEREOF; ARTIFICIAL FLOWERS; ARTICLES OF HUMAN HAIR,"9,781,397","10,532,848","6,786,085","5,459,479","3,835,270"
Customs Value,Mexico,26,"ORES, SLAG AND ASH","128,196,226","113,482,891","153,661,010","122,390,545","115,675,472"
Customs Value,China,25,"SALT; SULFUR; EARTHS AND STONE; PLASTERING MATERIALS, LIME AND CEMENT","307,814,995","522,545,259","331,683,372","270,489,213","249,819,810"
Customs Value,China,51,"WOOL AND FINE OR COARSE ANIMAL HAIR, INCLUDING YARNS AND WOVEN FABRICS THEREOF; HORSEHAIR YARN AND WOVEN FABRIC","7,544,809","5,804,833","3,469,966","2,858,405","2,608,254"
Customs Value,Mexico,90,"OPTICAL, PHOTOGRAPHIC, CINEMATOGRAPHIC, MEASURING, CHECKING, PRECISION, MEDICAL OR SURGICAL INSTRUMENTS AND APPARATUS; PARTS AND ACCESSORIES THEREOF","16,891,206,346","18,628,624,540","22,311,033,240","16,619,097,053","17,283,407,617"
Customs Value,Canada,60,KNITTED OR CROCHETED FABRICS,"54,131,995","57,051,624","54,047,649","41,252,199","37,610,128"
Customs Value,Canada,74,COPPER AND ARTICLES THEREOF,"3,782,231,104","3,550,494,306","3,484,359,145","2,618,279,481","2,999,325,251"
Customs Value,Canada,29,ORGANIC CHEMICALS,"3,387,189,826","3,675,443,193","3,581,251,942","2,762,621,759","2,660,333,993"
Customs Value,Canada,30,PHARMACEUTICAL PRODUCTS,"5,028,236,710","5,491,820,470","5,698,358,216","4,482,170,277","4,223,333,932"
Customs Value,Mexico,06,"LIVE TREES AND OTHER PLANTS; BULBS, ROOTS AND THE LIKE; CUT FLOWERS AND ORNAMENTAL FOLIAGE","94,496,365","104,190,234","98,528,755","78,089,608","70,574,266"
Customs Value,Mexico,75,NICKEL AND ARTICLES THEREOF,"91,940,293","135,575,104","190,672,055","141,544,827","160,030,983"
Customs Value,Canada,31,FERTILIZERS,"3,654,122,466","5,921,317,263","4,412,161,645","3,452,998,791","2,847,222,177"
Customs Value,China,37,PHOTOGRAPHIC OR CINEMATOGRAPHIC GOODS,"12,655,158","29,315,656","33,847,314","25,634,150","27,737,805"
Customs Value,Canada,34,"SOAP ETC.; LUBRICATING PRODUCTS; WAXES, POLISHING OR SCOURING PRODUCTS; CANDLES ETC., MODELING PASTES; DENTAL WAXES AND DENTAL PLASTER PREPARATIONS","925,583,993","993,687,077","1,038,093,345","755,376,495","835,594,674"
Customs Value,Mexico,78,LEAD AND ARTICLES THEREOF,"161,943,908","174,325,472","123,469,584","94,117,213","110,119,882"
Customs Value,Mexico,65,HEADGEAR AND PARTS THEREOF,"307,622,302","349,852,644","398,395,797","305,124,343","364,243,629"
Customs Value,China,80,TIN AND ARTICLES THEREOF,"74,977,951","18,530,282","12,229,794","9,422,350","8,380,259"
Customs Value,Canada,26,"ORES, SLAG AND ASH","556,968,130","513,974,379","527,725,212","418,057,736","306,195,571"
Customs Value,Mexico,62,"ARTICLES OF APPAREL AND CLOTHING ACCESSORIES, NOT KNITTED OR CROCHETED","1,916,685,768","2,127,817,725","1,897,609,297","1,462,855,292","1,308,863,135"
Customs Value,Canada,41,RAW HIDES AND SKINS (OTHER THAN FURSKINS) AND LEATHER,"15,588,556","4,961,396","6,292,740","4,349,322","5,459,882"
Customs Value,Canada,88,"AIRCRAFT, SPACECRAFT, AND PARTS THEREOF","5,593,872,229","6,306,579,315","7,880,747,005","4,637,256,656","6,475,133,177"
Customs Value,Mexico,59,"IMPREGNATED, COATED, COVERED OR LAMINATED TEXTILE FABRICS; TEXTILE ARTICLES SUITABLE FOR INDUSTRIAL USE","364,209,435","362,853,910","430,046,551","319,743,731","358,916,515"
Customs Value,Canada,92,MUSICAL INSTRUMENTS; PARTS AND ACCESSORIES THEREOF,"47,542,393","43,252,518","41,635,450","31,255,704","34,597,081"
Customs Value,Mexico,40,RUBBER AND ARTICLES THEREOF,"3,318,882,482","3,961,065,978","4,528,054,871","3,374,155,558","3,526,040,691"
Customs Value,Canada,32,"TANNING OR DYEING EXTRACTS; TANNINS AND DERIVATIVES; DYES, PIGMENTS AND OTHER COLORING MATTER; PAINTS AND VARNISHES; PUTTY AND OTHER MASTICS; INKS","1,043,589,557","1,200,351,658","1,145,774,774","879,635,032","855,057,822"
Customs Value,Canada,20,"PREPARATIONS OF VEGETABLES, FRUIT, NUTS, OR OTHER PARTS OF PLANTS","1,999,580,606","2,370,825,180","2,670,320,446","2,007,401,462","2,190,859,943"
Customs Value,Mexico,02,MEAT AND EDIBLE MEAT OFFAL,"2,097,541,247","2,125,674,759","1,989,570,151","1,520,995,982","1,546,263,427"
Customs Value,Canada,59,"IMPREGNATED, COATED, COVERED OR LAMINATED TEXTILE FABRICS; TEXTILE ARTICLES SUITABLE FOR INDUSTRIAL USE","350,251,232","358,468,983","404,805,953","300,486,143","255,140,003"
Customs Value,Canada,19,"PREPARATIONS OF CEREALS, FLOUR, STARCH OR MILK; BAKERS' WARES","4,668,862,385","5,721,605,996","6,307,445,543","4,546,141,891","4,952,285,646"
Customs Value,Canada,22,"BEVERAGES, SPIRITS AND VINEGAR","1,267,431,048","1,320,669,670","1,463,813,676","1,098,573,244","1,181,626,822"
Customs Value,Mexico,41,RAW HIDES AND SKINS (OTHER THAN FURSKINS) AND LEATHER,"93,986,117","81,482,235","76,201,911","55,892,855","50,037,525"
Customs Value,China,49,"PRINTED BOOKS, NEWSPAPERS, PICTURES AND OTHER PRINTED PRODUCTS; MANUSCRIPTS, TYPESCRIPTS AND PLANS","2,288,960,033","2,401,515,332","1,863,114,464","1,408,673,675","1,650,552,630"
Customs Value,Mexico,60,KNITTED OR CROCHETED FABRICS,"25,622,224","31,898,249","37,268,219","28,153,754","37,536,108"
Customs Value,Canada,43,FURSKINS AND ARTIFICIAL FUR; MANUFACTURES THEREOF,"31,544,447","29,762,907","22,541,789","17,689,442","18,562,045"
Customs Value,Mexico,46,"MANUFACTURES OF STRAW, ESPARTO OR OTHER PLAITING MATERIALS; BASKETWARE AND WICKERWORK","33,181,988","25,552,678","36,473,921","25,908,576","34,779,199"
Customs Value,China,95,"TOYS, GAMES AND SPORTS EQUIPMENT; PARTS AND ACCESSORIES THEREOF","37,174,742,261","39,498,694,660","31,563,122,882","23,401,603,189","20,937,555,835"
Customs Value,China,90,"OPTICAL, PHOTOGRAPHIC, CINEMATOGRAPHIC, MEASURING, CHECKING, PRECISION, MEDICAL OR SURGICAL INSTRUMENTS AND APPARATUS; PARTS AND ACCESSORIES THEREOF","13,140,475,221","13,315,969,236","11,261,414,402","8,453,584,719","8,679,706,772"
Customs Value,Canada,90,"OPTICAL, PHOTOGRAPHIC, CINEMATOGRAPHIC, MEASURING, CHECKING, PRECISION, MEDICAL OR SURGICAL INSTRUMENTS AND APPARATUS; PARTS AND ACCESSORIES THEREOF","3,861,716,759","4,384,473,433","4,553,527,937","3,380,778,522","3,462,126,510"
Customs Value,China,97,"WORKS OF ART, COLLECTORS' PIECES AND ANTIQUES","140,954,223","91,716,502","109,499,872","85,941,170","71,081,306"
Customs Value,China,46,"MANUFACTURES OF STRAW, ESPARTO OR OTHER PLAITING MATERIALS; BASKETWARE AND WICKERWORK","313,481,865","282,412,938","160,279,287","123,890,982","111,456,163"
Customs Value,Canada,01,LIVE ANIMALS,"1,615,258,552","1,902,372,974","1,979,791,515","1,432,069,700","1,781,543,362"
Customs Value,Canada,14,"VEGETABLE PLAITING MATERIALS AND VEGETABLE PRODUCTS, NESOI","1,818,379","2,215,997","4,692,200","2,420,503","1,745,229"
Customs Value,Mexico,10,CEREALS,"14,498,852","19,169,039","16,499,170","10,832,787","17,095,434"
Customs Value,China,62,"ARTICLES OF APPAREL AND CLOTHING ACCESSORIES, NOT KNITTED OR CROCHETED","8,373,703,071","9,341,540,782","7,409,962,279","5,872,390,611","5,649,976,777"
Customs Value,China,58,SPECIAL WOVEN FABRICS; TUFTED TEXTILE FABRICS; LACE; TAPESTRIES; TRIMMINGS; EMBROIDERY,"268,883,624","280,118,986","216,438,430","163,090,016","171,296,264"
Customs Value,Canada,86,"RAILWAY OR TRAMWAY LOCOMOTIVES, ROLLING STOCK, TRACK FIXTURES AND FITTINGS, AND PARTS THEREOF; MECHANICAL ETC. TRAFFIC SIGNAL EQUIPMENT OF ALL KINDS","397,485,357","522,640,811","738,608,471","533,158,034","464,510,490"
Customs Value,Canada,21,MISCELLANEOUS EDIBLE PREPARATIONS,"1,833,709,794","2,056,275,478","2,080,349,051","1,540,651,589","1,632,468,418"
Customs Value,Mexico,03,"FISH AND CRUSTACEANS, MOLLUSCS AND OTHER AQUATIC INVERTEBRATES","595,560,154","630,916,733","524,476,240","391,594,763","328,008,747"
Customs Value,Canada,84,"NUCLEAR REACTORS, BOILERS, MACHINERY AND MECHANICAL APPLIANCES; PARTS THEREOF","22,829,640,484","27,315,846,486","31,683,631,166","24,001,203,426","22,647,467,494"
Customs Value,China,10,CEREALS,"25,622,111","34,732,542","45,879,212","31,324,923","43,484,800"
Customs Value,China,64,"FOOTWEAR, GAITERS AND THE LIKE; PARTS OF SUCH ARTICLES","11,122,809,432","13,628,505,936","9,653,107,593","7,646,254,140","7,602,536,620"
Customs Value,Mexico,11,MILLING INDUSTRY PRODUCTS; MALT; STARCHES; INULIN; WHEAT GLUTEN,"160,569,814","197,986,469","238,655,953","170,138,099","206,861,339"
Customs Value,Mexico,04,"DAIRY PRODUCE; BIRDS' EGGS; NATURAL HONEY; EDIBLE PRODUCTS OF ANIMAL ORIGIN, NESOI","133,737,136","219,289,491","218,201,603","162,421,309","175,240,394"
Customs Value,China,21,MISCELLANEOUS EDIBLE PREPARATIONS,"593,629,627","691,053,723","624,006,994","455,346,448","619,789,103"
Customs Value,Mexico,28,"INORGANIC CHEMICALS; ORGANIC OR INORGANIC COMPOUNDS OF PRECIOUS METALS, OF RARE-EARTH METALS, OF RADIOACTIVE ELEMENTS OR OF ISOTOPES","712,955,142","1,003,268,179","944,354,325","741,105,540","715,696,244"
Customs Value,China,23,RESIDUES AND WASTE FROM THE FOOD INDUSTRIES; PREPARED ANIMAL FEED,"315,545,500","344,960,989","199,481,372","143,748,851","188,508,227"
Customs Value,China,47,PULP OF WOOD OR OTHER FIBROUS CELLULOSIC MATERIAL; RECOVERED (WASTE AND SCRAP) PAPER AND PAPERBOARD,"2,650,963","8,633,628","2,649,909","2,064,135","725,026"
Customs Value,Canada,78,LEAD AND ARTICLES THEREOF,"449,203,635","377,572,160","389,894,744","287,656,755","236,663,046"
Customs Value,Canada,05,"PRODUCTS OF ANIMAL ORIGIN, NESOI","160,110,031","171,796,640","149,121,212","110,386,865","125,525,133"
Customs Value,Canada,18,COCOA AND COCOA PREPARATIONS,"1,688,412,678","1,932,994,879","2,031,624,295","1,484,762,598","1,967,770,694"
Customs Value,Canada,71,"NATURAL OR CULTURED PEARLS, PRECIOUS OR SEMIPRECIOUS STONES, PRECIOUS METALS; PRECIOUS METAL CLAD METALS, ARTICLES THEREOF; IMITATION JEWELRY; COIN","8,332,805,470","7,436,648,486","13,119,311,267","10,428,644,436","5,466,696,012"
Customs Value,Mexico,68,"ARTICLES OF STONE, PLASTER, CEMENT, ASBESTOS, MICA OR SIMILAR MATERIALS","873,049,011","1,069,395,248","1,095,709,813","840,905,989","865,210,293"
Customs Value,Canada,95,"TOYS, GAMES AND SPORTS EQUIPMENT; PARTS AND ACCESSORIES THEREOF","423,335,757","450,921,760","395,218,825","292,941,617","284,123,883"
Customs Value,Canada,68,"ARTICLES OF STONE, PLASTER, CEMENT, ASBESTOS, MICA OR SIMILAR MATERIALS","1,133,322,737","1,142,910,897","1,205,720,369","925,889,816","917,984,108"
Customs Value,Canada,98,"SPECIAL CLASSIFICATION PROVISIONS, NESOI","16,631,977,937","16,502,112,469","17,123,676,090","13,071,613,257","12,360,766,182"
Customs Value,China,44,WOOD AND ARTICLES OF WOOD; WOOD CHARCOAL,"2,902,861,892","2,840,113,300","1,973,477,344","1,489,511,707","1,441,619,310"
Customs Value,Mexico,01,LIVE ANIMALS,"765,209,383","647,767,731","1,130,078,757","755,780,531","1,073,728,423"
Customs Value,China,17,SUGARS AND SUGAR CONFECTIONERY,"116,007,270","173,532,555","185,026,592","136,820,392","143,404,751"
Customs Value,Mexico,42,"ARTICLES OF LEATHER; SADDLERY AND HARNESS; TRAVEL GOODS, HANDBAGS AND SIMILAR CONTAINERS; ARTICLES  OF GUT (OTHER THAN SILKWORM GUT)","245,335,980","333,634,591","351,089,280","266,922,553","204,856,305"
Customs Value,Mexico,85,"ELECTRICAL MACHINERY AND EQUIPMENT AND PARTS THEREOF; SOUND RECORDERS AND REPRODUCERS, TELEVISION RECORDERS AND REPRODUCERS, PARTS AND ACCESSORIES","69,368,611,601","78,121,638,492","84,678,590,478","63,877,232,286","65,158,081,109"
Customs Value,Mexico,32,"TANNING OR DYEING EXTRACTS; TANNINS AND DERIVATIVES; DYES, PIGMENTS AND OTHER COLORING MATTER; PAINTS AND VARNISHES; PUTTY AND OTHER MASTICS; INKS","316,920,111","426,631,119","454,390,147","354,546,061","336,212,447"
Customs Value,Mexico,91,CLOCKS AND WATCHES AND PARTS THEREOF,"39,502,468","41,489,901","40,571,543","31,009,152","31,456,170"
Customs Value,Canada,82,"TOOLS, IMPLEMENTS, CUTLERY, SPOONS AND FORKS, OF BASE METAL; PARTS THEREOF OF BASE METAL","427,105,503","425,764,575","378,944,958","281,978,603","286,494,754"
Customs Value,Mexico,99,"SPECIAL IMPORT REPORTING PROVISIONS, NESOI","2,713,088,642","2,828,610,534","2,934,561,649","2,216,637,628","2,108,666,370"
Customs Value,China,07,EDIBLE VEGETABLES AND CERTAIN ROOTS AND TUBERS,"306,103,995","349,130,224","324,262,162","235,435,061","288,444,893"
Customs Value,Mexico,09,"COFFEE, TEA, MATE AND SPICES","383,068,389","573,527,089","505,730,037","402,043,157","393,985,817"
Customs Value,Mexico,92,MUSICAL INSTRUMENTS; PARTS AND ACCESSORIES THEREOF,"127,251,021","134,751,531","107,134,907","85,307,865","87,976,174"
Customs Value,China,42,"ARTICLES OF LEATHER; SADDLERY AND HARNESS; TRAVEL GOODS, HANDBAGS AND SIMILAR CONTAINERS; ARTICLES  OF GUT (OTHER THAN SILKWORM GUT)","3,486,822,519","3,976,565,189","3,061,996,965","2,351,487,500","2,277,418,011"
Customs Value,Canada,65,HEADGEAR AND PARTS THEREOF,"32,145,410","33,370,180","29,383,404","20,408,706","19,915,383"
Customs Value,Mexico,18,COCOA AND COCOA PREPARATIONS,"523,162,978","624,613,848","612,037,656","448,852,583","543,987,602"
Customs Value,China,65,HEADGEAR AND PARTS THEREOF,"1,368,727,329","1,695,204,399","1,168,031,272","933,299,078","823,809,097"
Customs Value,Canada,53,VEGETABLE TEXTILE FIBERS NESOI; YARNS AND WOVEN FABRICS OF VEGETABLE TEXTILE FIBERS NESOI AND PAPER,"844,408","559,679","1,238,012","933,954","1,102,300"
Customs Value,Canada,69,CERAMIC PRODUCTS,"35,850,944","47,600,525","42,842,839","32,782,971","30,766,941"
Customs Value,Mexico,33,"ESSENTIAL OILS AND RESINOIDS; PERFUMERY, COSMETIC OR TOILET PREPARATIONS","1,122,380,298","1,403,871,485","1,648,698,339","1,217,379,059","1,261,435,047"
Customs Value,Canada,04,"DAIRY PRODUCE; BIRDS' EGGS; NATURAL HONEY; EDIBLE PRODUCTS OF ANIMAL ORIGIN, NESOI","218,382,408","264,967,858","271,372,038","197,123,082","234,770,276"
Customs Value,Mexico,83,MISCELLANEOUS ARTICLES OF BASE METAL,"2,334,641,514","2,593,537,308","2,809,960,673","2,132,171,725","2,157,203,039"
Customs Value,China,69,CERAMIC PRODUCTS,"2,519,693,839","2,817,152,853","2,012,561,944","1,446,988,977","1,626,973,258"
Customs Value,China,48,"PAPER AND PAPERBOARD; ARTICLES OF PAPER PULP, PAPER OR PAPERBOARD","2,594,412,375","3,129,924,915","2,640,566,294","1,954,366,315","2,036,728,557"
Customs Value,China,85,"ELECTRICAL MACHINERY AND EQUIPMENT AND PARTS THEREOF; SOUND RECORDERS AND REPRODUCERS, TELEVISION RECORDERS AND REPRODUCERS, PARTS AND ACCESSORIES","128,918,464,002","137,746,182,040","119,899,774,732","84,902,528,556","83,782,034,722"
Customs Value,Mexico,05,"PRODUCTS OF ANIMAL ORIGIN, NESOI","81,524,628","89,552,098","79,863,288","60,149,592","53,300,762"
Customs Value,Mexico,27,"MINERAL FUELS, MINERAL OILS AND PRODUCTS OF THEIR DISTILLATION; BITUMINOUS SUBSTANCES; MINERAL WAXES","14,662,122,764","24,823,102,364","22,375,809,097","16,704,800,535","11,950,152,518"
Customs Value,Mexico,44,WOOD AND ARTICLES OF WOOD; WOOD CHARCOAL,"756,069,649","818,798,709","720,442,832","553,747,819","519,395,863"
Customs Value,China,12,"OIL SEEDS AND OLEAGINOUS FRUITS; MISCELLANEOUS GRAINS, SEEDS AND FRUITS; INDUSTRIAL OR MEDICINAL PLANTS; STRAW AND FODDER","176,074,413","200,344,697","164,950,100","125,671,166","139,236,445"
Customs Value,Mexico,87,"VEHICLES, OTHER THAN RAILWAY OR TRAMWAY ROLLING STOCK, AND PARTS AND ACCESSORIES THEREOF","92,637,437,473","109,708,197,113","128,408,175,074","94,711,111,596","101,698,768,843"
Customs Value,Mexico,51,"WOOL AND FINE OR COARSE ANIMAL HAIR, INCLUDING YARNS AND WOVEN FABRICS THEREOF; HORSEHAIR YARN AND WOVEN FABRIC","25,180,842","31,041,623","27,754,427","22,908,618","20,440,159"
Customs Value,Canada,47,PULP OF WOOD OR OTHER FIBROUS CELLULOSIC MATERIAL; RECOVERED (WASTE AND SCRAP) PAPER AND PAPERBOARD,"2,088,221,119","2,563,776,157","1,884,109,467","1,484,544,988","1,564,301,594"
Customs Value,Mexico,98,"SPECIAL CLASSIFICATION PROVISIONS, NESOI","6,570,822,275","7,452,583,004","7,840,742,528","5,857,317,462","6,730,640,116"
Customs Value,Mexico,97,"WORKS OF ART, COLLECTORS' PIECES AND ANTIQUES","73,347,943","152,538,391","99,934,511","70,984,415","64,314,142"
Customs Value,Canada,54,"MANMADE FILAMENTS, INCLUDING YARNS AND WOVEN FABRICS THEREOF","191,060,900","147,316,745","142,272,585","106,812,620","106,042,614"
Customs Value,China,09,"COFFEE, TEA, MATE AND SPICES","230,786,802","244,105,908","218,230,534","163,053,279","189,553,558"
Customs Value,China,41,RAW HIDES AND SKINS (OTHER THAN FURSKINS) AND LEATHER,"9,163,413","10,180,815","4,243,733","3,180,131","2,879,181"
Customs Value,Canada,85,"ELECTRICAL MACHINERY AND EQUIPMENT AND PARTS THEREOF; SOUND RECORDERS AND REPRODUCERS, TELEVISION RECORDERS AND REPRODUCERS, PARTS AND ACCESSORIES","7,448,798,105","8,816,800,790","9,773,963,829","7,261,374,931","8,047,570,210"
Customs Value,China,03,"FISH AND CRUSTACEANS, MOLLUSCS AND OTHER AQUATIC INVERTEBRATES","1,317,065,021","1,562,142,834","1,249,242,256","963,233,685","884,952,492"
Customs Value,China,59,"IMPREGNATED, COATED, COVERED OR LAMINATED TEXTILE FABRICS; TEXTILE ARTICLES SUITABLE FOR INDUSTRIAL USE","414,061,939","421,437,157","323,139,549","242,652,144","262,861,039"
Customs Value,Canada,23,RESIDUES AND WASTE FROM THE FOOD INDUSTRIES; PREPARED ANIMAL FEED,"1,915,296,178","2,112,745,921","2,418,138,117","1,846,017,594","1,660,350,868"
Customs Value,Canada,28,"INORGANIC CHEMICALS; ORGANIC OR INORGANIC COMPOUNDS OF PRECIOUS METALS, OF RARE-EARTH METALS, OF RADIOACTIVE ELEMENTS OR OF ISOTOPES","2,596,842,887","3,546,125,756","3,601,170,487","2,644,546,727","3,406,470,698"
Customs Value,Mexico,89,"SHIPS, BOATS AND FLOATING STRUCTURES","646,262,224","891,951,600","847,603,667","686,699,775","600,054,838"
Customs Value,China,71,"NATURAL OR CULTURED PEARLS, PRECIOUS OR SEMIPRECIOUS STONES, PRECIOUS METALS; PRECIOUS METAL CLAD METALS, ARTICLES THEREOF; IMITATION JEWELRY; COIN","1,876,805,708","1,886,464,681","1,664,684,160","1,232,776,359","1,262,037,928"
Customs Value,China,55,"MANMADE STAPLE FIBERS, INCLUDING YARNS AND WOVEN FABRICS THEREOF","224,036,868","198,282,927","127,810,440","97,338,562","95,049,405"
Customs Value,China,22,"BEVERAGES, SPIRITS AND VINEGAR","38,542,618","48,092,924","82,313,862","42,192,146","65,997,002"
Customs Value,Mexico,93,ARMS AND AMMUNITION; PARTS AND ACCESSORIES THEREOF,"94,102,856","85,361,736","87,144,700","65,222,369","65,351,444"
Customs Value,China,33,"ESSENTIAL OILS AND RESINOIDS; PERFUMERY, COSMETIC OR TOILET PREPARATIONS","1,055,425,444","1,092,664,944","1,074,539,248","778,360,333","895,383,148"
Customs Value,Mexico,13,LAC; GUMS; RESINS AND OTHER VEGETABLE SAPS AND EXTRACTS,"66,847,935","73,762,932","73,937,592","54,908,626","46,995,799"
Customs Value,China,13,LAC; GUMS; RESINS AND OTHER VEGETABLE SAPS AND EXTRACTS,"316,697,855","341,202,750","277,460,175","211,538,283","254,815,210"
Customs Value,Mexico,81,BASE METALS NESOI; CERMETS; ARTICLES THEREOF,"47,830,041","63,489,482","78,209,933","58,246,847","72,648,985"
Customs Value,Mexico,15,ANIMAL OR VEGETABLE FATS AND OILS AND THEIR CLEAVAGE PRODUCTS; PREPARED EDIBLE FATS; ANIMAL OR VEGETABLE WAXES,"288,013,559","417,520,952","526,557,763","389,209,968","494,421,247"
Customs Value,Mexico,79,ZINC AND ARTICLES THEREOF,"332,252,166","391,270,272","306,889,504","247,705,836","198,602,247"
Customs Value,China,35,ALBUMINOIDAL SUBSTANCES; MODIFIED STARCHES; GLUES; ENZYMES,"391,714,367","474,665,099","400,516,276","299,711,006","300,637,562"
Customs Value,Mexico,07,EDIBLE VEGETABLES AND CERTAIN ROOTS AND TUBERS,"8,096,244,022","8,610,324,341","9,208,288,687","7,045,306,905","7,471,597,788"
Customs Value,Canada,48,"PAPER AND PAPERBOARD; ARTICLES OF PAPER PULP, PAPER OR PAPERBOARD","5,935,557,528","6,975,393,563","6,611,530,159","5,004,339,825","4,972,606,728"
Customs Value,China,28,"INORGANIC CHEMICALS; ORGANIC OR INORGANIC COMPOUNDS OF PRECIOUS METALS, OF RARE-EARTH METALS, OF RADIOACTIVE ELEMENTS OR OF ISOTOPES","1,215,342,371","2,064,767,095","1,715,412,686","1,116,239,931","1,415,454,180"
Customs Value,Mexico,66,"UMBRELLAS, SUN UMBRELLAS, WALKING-STICKS, SEAT-STICKS, WHIPS, RIDING-CROPS AND PARTS THEREOF","2,961,389","3,723,323","3,652,150","2,957,831","3,094,912"
Customs Value,Mexico,20,"PREPARATIONS OF VEGETABLES, FRUIT, NUTS, OR OTHER PARTS OF PLANTS","1,634,575,515","1,952,426,144","2,058,055,017","1,524,713,085","1,756,884,932"
Customs Value,China,87,"VEHICLES, OTHER THAN RAILWAY OR TRAMWAY ROLLING STOCK, AND PARTS AND ACCESSORIES THEREOF","15,196,825,356","17,146,661,971","15,009,244,774","11,233,741,042","12,244,602,700"
Customs Value,Mexico,08,EDIBLE FRUIT AND NUTS; PEEL OF CITRUS FRUIT OR MELONS,"9,476,539,785","10,173,057,527","10,527,601,870","8,219,554,954","8,225,228,279"
Customs Value,China,54,"MANMADE FILAMENTS, INCLUDING YARNS AND WOVEN FABRICS THEREOF","318,233,322","328,231,169","235,213,689","179,676,703","185,739,482"
Customs Value,Canada,17,SUGARS AND SUGAR CONFECTIONERY,"855,784,301","976,853,024","1,026,901,092","754,170,704","788,035,513"
Customs Value,China,14,"VEGETABLE PLAITING MATERIALS AND VEGETABLE PRODUCTS, NESOI","24,140,768","24,279,141","16,434,273","12,123,665","15,092,989"
Customs Value,China,16,"EDIBLE PREPARATIONS OF MEAT, FISH, CRUSTACEANS, MOLLUSCS OR OTHER AQUATIC INVERTEBRATES","349,280,325","322,348,087","266,337,728","191,041,777","191,743,710"
Customs Value,China,27,"MINERAL FUELS, MINERAL OILS AND PRODUCTS OF THEIR DISTILLATION; BITUMINOUS SUBSTANCES; MINERAL WAXES","152,673,946","227,490,129","219,059,966","198,355,801","389,893,073"
Customs Value,Canada,91,CLOCKS AND WATCHES AND PARTS THEREOF,"7,651,567","7,361,969","9,870,798","6,612,535","12,875,856"
Customs Value,Canada,89,"SHIPS, BOATS AND FLOATING STRUCTURES","215,062,935","193,262,447","212,078,713","166,771,415","151,652,740"
Customs Value,China,72,IRON AND STEEL,"514,127,995","970,986,524","545,841,333","444,492,354","371,098,947"
Customs Value,China,40,RUBBER AND ARTICLES THEREOF,"5,331,741,109","3,313,315,439","2,514,819,899","1,862,856,694","1,895,348,400"
Customs Value,Mexico,74,COPPER AND ARTICLES THEREOF,"1,496,173,160","1,494,587,863","912,154,224","700,598,318","700,308,986"
Customs Value,Mexico,39,PLASTICS AND ARTICLES THEREOF,"7,076,644,913","8,517,430,933","7,782,791,960","5,925,475,990","6,120,651,337"
Customs Value,China,56,"WADDING, FELT AND NONWOVENS; SPECIAL YARNS; TWINE, CORDAGE, ROPES AND CABLES AND ARTICLES THEREOF","783,055,064","612,717,255","504,168,158","368,803,199","460,318,049"
Customs Value,China,84,"NUCLEAR REACTORS, BOILERS, MACHINERY AND MECHANICAL APPLIANCES; PARTS THEREOF","107,141,662,976","102,911,175,328","81,358,944,077","62,124,386,074","58,961,191,024"
Customs Value,Mexico,17,SUGARS AND SUGAR CONFECTIONERY,"1,608,397,168","2,091,773,877","2,135,146,925","1,787,572,827","1,435,874,654"
Customs Value,Mexico,49,"PRINTED BOOKS, NEWSPAPERS, PICTURES AND OTHER PRINTED PRODUCTS; MANUSCRIPTS, TYPESCRIPTS AND PLANS","279,619,290","359,691,786","523,077,833","371,691,728","399,516,468"
Customs Value,Mexico,31,FERTILIZERS,"136,349,802","163,649,115","146,324,430","97,705,660","143,355,291"
Customs Value,China,36,EXPLOSIVES; PYROTECHNIC PRODUCTS; MATCHES; PYROPHORIC ALLOYS; CERTAIN COMBUSTIBLE PREPARATIONS,"488,624,292","614,422,071","410,177,255","341,064,302","378,658,757"
Customs Value,Mexico,35,ALBUMINOIDAL SUBSTANCES; MODIFIED STARCHES; GLUES; ENZYMES,"121,991,386","121,352,787","121,684,088","89,170,562","94,823,819"
Customs Value,China,75,NICKEL AND ARTICLES THEREOF,"25,904,326","73,954,296","69,407,751","52,843,755","53,705,619"
Customs Value,China,32,"TANNING OR DYEING EXTRACTS; TANNINS AND DERIVATIVES; DYES, PIGMENTS AND OTHER COLORING MATTER; PAINTS AND VARNISHES; PUTTY AND OTHER MASTICS; INKS","433,862,132","419,404,089","279,617,034","210,915,941","237,231,651"
Customs Value,Mexico,43,FURSKINS AND ARTIFICIAL FUR; MANUFACTURES THEREOF,"124,030","137,207","109,730","61,670","80,935"
Customs Value,Canada,11,MILLING INDUSTRY PRODUCTS; MALT; STARCHES; INULIN; WHEAT GLUTEN,"849,331,881","1,188,587,004","1,115,153,961","847,729,398","826,297,262"
Customs Value,China,31,FERTILIZERS,"22,510,005","42,399,113","28,793,319","24,188,438","16,994,053"
Customs Value,Mexico,96,MISCELLANEOUS MANUFACTURED ARTICLES,"718,443,499","833,320,011","806,682,223","607,638,654","752,243,348"
Customs Value,Canada,09,"COFFEE, TEA, MATE AND SPICES","474,670,632","648,657,259","600,211,084","450,650,296","453,488,490"
Customs Value,Canada,52,"COTTON, INCLUDING YARNS AND WOVEN FABRICS THEREOF","14,310,579","12,230,070","15,305,052","11,673,697","11,671,479"
Customs Value,Canada,36,EXPLOSIVES; PYROTECHNIC PRODUCTS; MATCHES; PYROPHORIC ALLOYS; CERTAIN COMBUSTIBLE PREPARATIONS,"134,345,706","131,445,983","177,403,030","130,742,068","163,830,353"
Customs Value,China,38,MISCELLANEOUS CHEMICAL PRODUCTS,"2,239,964,202","4,790,516,195","1,817,575,844","1,365,025,588","1,230,288,689"
Customs Value,China,83,MISCELLANEOUS ARTICLES OF BASE METAL,"5,814,329,416","6,212,141,461","4,675,664,157","3,511,593,369","3,918,830,390"
Customs Value,Mexico,45,CORK AND ARTICLES OF CORK,"2,830,750","3,884,538","3,024,248","2,670,604","1,055,177"
Customs Value,Canada,39,PLASTICS AND ARTICLES THEREOF,"14,849,785,345","15,096,222,087","13,474,434,944","10,270,129,566","10,631,306,853"
Customs Value,China,70,GLASS AND GLASSWARE,"2,833,106,132","2,965,190,323","2,276,168,261","1,672,986,058","1,963,913,719"
Customs Value,Mexico,23,RESIDUES AND WASTE FROM THE FOOD INDUSTRIES; PREPARED ANIMAL FEED,"78,552,951","121,771,696","119,010,075","87,825,319","107,184,044"
Customs Value,China,11,MILLING INDUSTRY PRODUCTS; MALT; STARCHES; INULIN; WHEAT GLUTEN,"50,192,996","34,930,502","19,353,987","15,962,936","12,555,725"
Customs Value,Canada,58,SPECIAL WOVEN FABRICS; TUFTED TEXTILE FABRICS; LACE; TAPESTRIES; TRIMMINGS; EMBROIDERY,"21,907,259","24,657,034","31,945,527","24,091,546","24,796,758"
Customs Value,China,02,MEAT AND EDIBLE MEAT OFFAL,"8,047,761","7,164,861","8,929,258","7,080,342","5,338,497"
Customs Value,Canada,62,"ARTICLES OF APPAREL AND CLOTHING ACCESSORIES, NOT KNITTED OR CROCHETED","341,734,239","410,031,463","367,621,227","280,717,909","283,761,887"
Customs Value,China,63,MADE-UP TEXTILE ARTICLES NESOI; NEEDLECRAFT SETS; WORN CLOTHING AND WORN TEXTILE ARTICLES; RAGS,"10,997,719,089","10,072,446,963","7,904,675,924","5,808,786,597","6,347,612,963"
Customs Value,Canada,45,CORK AND ARTICLES OF CORK,"1,064,964","996,254","1,038,733","751,478","837,751"
Customs Value,Mexico,57,CARPETS AND OTHER TEXTILE FLOOR COVERINGS,"65,771,112","124,175,508","172,036,723","141,500,196","96,758,527"
Customs Value,Mexico,38,MISCELLANEOUS CHEMICAL PRODUCTS,"777,519,265","1,154,918,093","1,114,665,190","821,085,362","795,191,081"
Customs Value,China,76,ALUMINUM AND ARTICLES THEREOF,"3,245,878,272","3,596,424,392","2,539,407,429","1,885,215,347","2,141,500,458"
Customs Value,Canada,93,ARMS AND AMMUNITION; PARTS AND ACCESSORIES THEREOF,"212,262,074","195,937,832","196,580,094","137,423,425","173,513,445"
Customs Value,China,88,"AIRCRAFT, SPACECRAFT, AND PARTS THEREOF","203,024,469","536,631,717","548,451,973","414,015,769","388,490,592"
Customs Value,Canada,12,"OIL SEEDS AND OLEAGINOUS FRUITS; MISCELLANEOUS GRAINS, SEEDS AND FRUITS; INDUSTRIAL OR MEDICINAL PLANTS; STRAW AND FODDER","813,303,454","938,793,369","817,361,164","635,008,269","643,604,973"
Customs Value,Canada,33,"ESSENTIAL OILS AND RESINOIDS; PERFUMERY, COSMETIC OR TOILET PREPARATIONS","1,593,166,352","1,736,890,940","1,815,520,538","1,347,157,225","1,362,203,640"
Customs Value,Canada,35,ALBUMINOIDAL SUBSTANCES; MODIFIED STARCHES; GLUES; ENZYMES,"235,178,610","303,212,648","281,232,864","220,988,873","189,774,779"
Customs Value,Canada,75,NICKEL AND ARTICLES THEREOF,"1,004,116,914","1,386,218,984","1,448,828,614","1,106,515,345","750,928,919"
Customs Value,China,45,CORK AND ARTICLES OF CORK,"15,811,631","15,116,227","12,389,108","9,137,082","13,224,346"
Customs Value,Mexico,84,"NUCLEAR REACTORS, BOILERS, MACHINERY AND MECHANICAL APPLIANCES; PARTS THEREOF","70,959,969,737","85,518,952,551","81,169,788,057","60,545,730,085","77,479,618,826"
Customs Value,Mexico,76,ALUMINUM AND ARTICLES THEREOF,"1,773,208,841","2,234,269,304","1,937,701,110","1,479,935,505","1,363,782,525"
Customs Value,China,91,CLOCKS AND WATCHES AND PARTS THEREOF,"553,983,158","618,202,197","444,537,708","318,364,416","307,958,971"
Customs Value,Canada,27,"MINERAL FUELS, MINERAL OILS AND PRODUCTS OF THEIR DISTILLATION; BITUMINOUS SUBSTANCES; MINERAL WAXES","104,077,029,585","157,084,383,133","122,944,241,560","90,537,718,035","94,816,041,979"
Customs Value,Canada,56,"WADDING, FELT AND NONWOVENS; SPECIAL YARNS; TWINE, CORDAGE, ROPES AND CABLES AND ARTICLES THEREOF","194,505,345","209,016,512","185,327,021","141,052,223","141,865,571"
Customs Value,Canada,49,"PRINTED BOOKS, NEWSPAPERS, PICTURES AND OTHER PRINTED PRODUCTS; MANUSCRIPTS, TYPESCRIPTS AND PLANS","595,318,839","691,693,556","670,588,642","502,407,576","489,686,254"
Customs Value,China,57,CARPETS AND OTHER TEXTILE FLOOR COVERINGS,"458,657,080","423,561,914","380,990,033","274,420,966","307,995,955"
Customs Value,China,79,ZINC AND ARTICLES THEREOF,"137,481,965","137,594,563","117,959,853","85,556,158","95,959,393"
Customs Value,Mexico,72,IRON AND STEEL,"4,492,895,178","5,410,273,369","3,587,239,561","2,859,725,288","2,403,802,136"
Customs Value,Mexico,25,"SALT; SULFUR; EARTHS AND STONE; PLASTERING MATERIALS, LIME AND CEMENT","538,717,038","650,759,443","625,359,884","479,713,560","429,760,787"
Customs Value,Canada,03,"FISH AND CRUSTACEANS, MOLLUSCS AND OTHER AQUATIC INVERTEBRATES","4,189,401,851","3,606,195,777","3,108,569,429","2,546,270,780","2,805,522,516"
Customs Value,China,20,"PREPARATIONS OF VEGETABLES, FRUIT, NUTS, OR OTHER PARTS OF PLANTS","741,371,856","950,645,360","745,775,945","556,961,904","619,815,780"
Customs Value,China,92,MUSICAL INSTRUMENTS; PARTS AND ACCESSORIES THEREOF,"674,798,996","708,195,244","515,278,454","377,494,568","409,458,678"
Customs Value,Mexico,37,PHOTOGRAPHIC OR CINEMATOGRAPHIC GOODS,"21,568,334","17,431,814","12,760,550","9,944,668","7,714,272"
Customs Value,Canada,37,PHOTOGRAPHIC OR CINEMATOGRAPHIC GOODS,"11,889,049","13,767,448","12,467,612","9,663,474","12,799,262"
Customs Value,Mexico,12,"OIL SEEDS AND OLEAGINOUS FRUITS; MISCELLANEOUS GRAINS, SEEDS AND FRUITS; INDUSTRIAL OR MEDICINAL PLANTS; STRAW AND FODDER","113,600,539","162,948,093","126,149,073","94,970,399","88,084,773"
Customs Value,China,94,"FURNITURE; BEDDING, CUSHIONS ETC.; LAMPS AND LIGHTING FITTINGS NESOI; ILLUMINATED SIGNS, NAMEPLATES AND THE LIKE; PREFABRICATED BUILDINGS","27,178,395,277","25,247,263,566","18,021,849,768","13,450,271,252","14,263,301,683"
Customs Value,Mexico,64,"FOOTWEAR, GAITERS AND THE LIKE; PARTS OF SUCH ARTICLES","572,164,366","810,202,140","769,282,076","562,582,099","525,462,870"
Customs Value,China,96,MISCELLANEOUS MANUFACTURED ARTICLES,"3,841,091,060","4,548,653,151","4,043,854,474","2,990,144,510","3,547,521,045"
Customs Value,China,01,LIVE ANIMALS,"4,189,968","7,012,861","10,957,414","8,135,874","11,709,474"
Customs Value,China,89,"SHIPS, BOATS AND FLOATING STRUCTURES","152,314,505","160,338,520","128,523,693","96,571,706","136,405,663"
Customs Value,China,60,KNITTED OR CROCHETED FABRICS,"283,661,979","268,984,687","203,464,273","147,531,906","169,673,604"
Customs Value,Mexico,67,PREPARED FEATHERS AND DOWN AND ARTICLES THEREOF; ARTIFICIAL FLOWERS; ARTICLES OF HUMAN HAIR,"3,818,094","5,665,888","4,840,049","3,955,837","4,959,244"
Customs Value,Canada,50,"SILK, INCLUDING YARNS AND WOVEN FABRICS THEREOF","47,677","85,355","64,342","47,077","61,890"
Customs Value,Canada,66,"UMBRELLAS, SUN UMBRELLAS, WALKING-STICKS, SEAT-STICKS, WHIPS, RIDING-CROPS AND PARTS THEREOF","2,395,602","2,661,671","2,709,410","2,078,669","2,146,287"
Customs Value,Mexico,24,TOBACCO AND MANUFACTURED TOBACCO SUBSTITUTES,"13,284,112","12,826,643","20,851,891","10,342,942","17,477,761"
Customs Value,China,26,"ORES, SLAG AND ASH","66,309,078","60,524,608","54,741,471","37,200,760","52,010,144"
Customs Value,China,99,"SPECIAL IMPORT REPORTING PROVISIONS, NESOI","4,362,379,346","4,476,101,586","4,675,435,801","3,410,628,362","3,757,805,940"
Customs Value,China,74,COPPER AND ARTICLES THEREOF,"544,109,778","679,091,314","438,219,878","332,419,252","353,974,348"
Customs Value,Canada,38,MISCELLANEOUS CHEMICAL PRODUCTS,"3,009,123,396","3,480,172,670","3,427,854,532","2,665,810,019","2,255,542,822"
Customs Value,Mexico,29,ORGANIC CHEMICALS,"1,538,133,893","1,578,402,401","1,494,826,233","1,140,702,583","776,075,247"
Customs Value,Mexico,50,"SILK, INCLUDING YARNS AND WOVEN FABRICS THEREOF","2,474,673","1,939,038","2,334,265","1,810,531","939,157"
Customs Value,Mexico,47,PULP OF WOOD OR OTHER FIBROUS CELLULOSIC MATERIAL; RECOVERED (WASTE AND SCRAP) PAPER AND PAPERBOARD,"3,278,288","3,190,302","6,412,664","4,152,440","7,860,235"
Customs Value,Mexico,19,"PREPARATIONS OF CEREALS, FLOUR, STARCH OR MILK; BAKERS' WARES","1,952,542,623","2,499,273,973","2,790,586,756","2,066,904,950","2,225,460,828"
Customs Value,Canada,02,MEAT AND EDIBLE MEAT OFFAL,"3,785,340,232","3,978,479,888","4,068,973,394","2,926,937,979","2,857,331,704"
Customs Value,Canada,16,"EDIBLE PREPARATIONS OF MEAT, FISH, CRUSTACEANS, MOLLUSCS OR OTHER AQUATIC INVERTEBRATES","1,175,704,756","1,153,566,957","1,162,701,967","884,722,290","960,521,102"
Customs Value,Canada,79,ZINC AND ARTICLES THEREOF,"1,458,133,231","1,493,749,534","1,205,777,588","915,100,767","887,063,853"
Customs Value,China,68,"ARTICLES OF STONE, PLASTER, CEMENT, ASBESTOS, MICA OR SIMILAR MATERIALS","1,158,472,726","1,173,663,390","908,703,145","685,821,243","667,764,831"
Customs Value,China,52,"COTTON, INCLUDING YARNS AND WOVEN FABRICS THEREOF","78,414,443","64,592,687","46,466,835","34,615,479","38,818,395"
Customs Value,Canada,46,"MANUFACTURES OF STRAW, ESPARTO OR OTHER PLAITING MATERIALS; BASKETWARE AND WICKERWORK","4,080,472","14,804,894","4,001,681","3,319,415","1,377,517"
Customs Value,Mexico,53,VEGETABLE TEXTILE FIBERS NESOI; YARNS AND WOVEN FABRICS OF VEGETABLE TEXTILE FIBERS NESOI AND PAPER,"923,953","421,020","587,434","471,837","646,013"
Customs Value,Mexico,63,MADE-UP TEXTILE ARTICLES NESOI; NEEDLECRAFT SETS; WORN CLOTHING AND WORN TEXTILE ARTICLES; RAGS,"1,216,810,559","1,190,884,032","1,242,332,880","940,086,108","985,433,340"
Customs Value,Canada,80,TIN AND ARTICLES THEREOF,"24,438,402","31,737,186","21,640,662","17,043,001","15,828,323"
Customs Value,Mexico,88,"AIRCRAFT, SPACECRAFT, AND PARTS THEREOF","844,613,431","1,033,969,512","1,321,202,717","964,108,226","1,108,189,318"
Customs Value,Mexico,58,SPECIAL WOVEN FABRICS; TUFTED TEXTILE FABRICS; LACE; TAPESTRIES; TRIMMINGS; EMBROIDERY,"43,349,507","52,337,011","65,402,026","45,856,625","57,262,683"
Customs Value,Canada,83,MISCELLANEOUS ARTICLES OF BASE METAL,"1,176,653,234","1,417,102,956","1,518,056,924","1,156,780,151","1,179,148,157"
Customs Value,Canada,99,"SPECIAL IMPORT REPORTING PROVISIONS, NESOI","2,565,392,031","2,631,274,180","2,771,156,843","2,074,066,516","2,062,317,422"
Customs Value,Canada,10,CEREALS,"1,009,672,912","1,521,384,919","1,691,981,227","1,349,918,619","904,851,321"
Customs Value,Mexico,54,"MANMADE FILAMENTS, INCLUDING YARNS AND WOVEN FABRICS THEREOF","144,044,392","161,395,711","131,775,059","106,673,667","64,330,114"
Customs Value,Canada,64,"FOOTWEAR, GAITERS AND THE LIKE; PARTS OF SUCH ARTICLES","47,594,554","51,922,355","51,722,284","35,524,734","40,908,185"
Customs Value,Canada,42,"ARTICLES OF LEATHER; SADDLERY AND HARNESS; TRAVEL GOODS, HANDBAGS AND SIMILAR CONTAINERS; ARTICLES  OF GUT (OTHER THAN SILKWORM GUT)","77,600,101","105,477,070","112,771,378","85,630,261","72,640,355"
Customs Value,Canada,72,IRON AND STEEL,"9,225,419,923","9,910,317,643","8,421,866,775","6,504,972,276","6,082,740,953"
Customs Value,China,82,"TOOLS, IMPLEMENTS, CUTLERY, SPOONS AND FORKS, OF BASE METAL; PARTS THEREOF OF BASE METAL","4,081,392,762","3,823,506,544","2,959,677,962","2,218,998,072","2,307,654,811"
Customs Value,Canada,70,GLASS AND GLASSWARE,"503,030,084","558,275,778","553,796,620","411,330,304","443,910,998"
Customs Value,China,66,"UMBRELLAS, SUN UMBRELLAS, WALKING-STICKS, SEAT-STICKS, WHIPS, RIDING-CROPS AND PARTS THEREOF","666,888,892","737,300,088","533,227,257","429,387,967","469,821,841"
Customs Value,Mexico,48,"PAPER AND PAPERBOARD; ARTICLES OF PAPER PULP, PAPER OR PAPERBOARD","1,237,748,014","1,512,427,524","1,523,533,558","1,152,662,326","1,218,230,198"
Total:,,,,"1,237,603,314,722","1,414,100,000,545","1,312,804,727,971","978,968,383,055","1,002,071,817,218"
