Trade Balance | Annual + Year-To-Date Data from Jan - Sep,,,,,,,,
Data Row Count,294,,,,,,,
Data Type,Country,HTS Number,Description,Year 2021,Year 2022,Year 2023,2023 YTD ( Jan - Sep ),2024 YTD ( Jan - Sep )
Dom. Exports FAS-Imports for Consumption Value,Mexico,36,EXPLOSIVES; PYROTECHNIC PRODUCTS; MATCHES; PYROPHORIC ALLOYS; CERTAIN COMBUSTIBLE PREPARATIONS,"-16,072,583","-20,461,782","-11,372,575","-6,711,732","-8,193,788"
Dom. Exports FAS-Imports for Consumption Value,Mexico,92,MUSICAL INSTRUMENTS; PARTS AND ACCESSORIES THEREOF,"-115,617,171","-121,966,270","-91,946,985","-73,617,402","-76,217,401"
Dom. Exports FAS-Imports for Consumption Value,China,42,"ARTICLES OF LEATHER; SADDLERY AND HARNESS; TRAVEL GOODS, HANDBAGS AND SIMILAR CONTAINERS; ARTICLES  OF GUT (OTHER THAN SILKWORM GUT)","-3,442,848,712","-3,935,731,007","-3,021,460,740","-2,325,239,228","-2,250,909,442"
Dom. Exports FAS-Imports for Consumption Value,Canada,65,HEADGEAR AND PARTS THEREOF,"46,001,103","58,239,276","73,051,329","53,630,173","54,181,083"
Dom. Exports FAS-Imports for Consumption Value,Mexico,18,COCOA AND COCOA PREPARATIONS,"-273,050,477","-380,577,527","-335,541,139","-243,872,808","-282,598,850"
Dom. Exports FAS-Imports for Consumption Value,China,65,HEADGEAR AND PARTS THEREOF,"-1,365,695,584","-1,691,271,512","-1,161,682,743","-929,603,365","-818,763,590"
Dom. Exports FAS-Imports for Consumption Value,Canada,53,VEGETABLE TEXTILE FIBERS NESOI; YARNS AND WOVEN FABRICS OF VEGETABLE TEXTILE FIBERS NESOI AND PAPER,"3,656,421","5,062,429","2,683,980","2,364,498","1,886,917"
Dom. Exports FAS-Imports for Consumption Value,Mexico,52,"COTTON, INCLUDING YARNS AND WOVEN FABRICS THEREOF","529,521,200","673,862,493","355,786,824","278,975,655","273,349,010"
Dom. Exports FAS-Imports for Consumption Value,Canada,69,CERAMIC PRODUCTS,"312,494,865","311,397,211","320,281,367","242,388,508","233,033,799"
Dom. Exports FAS-Imports for Consumption Value,Mexico,33,"ESSENTIAL OILS AND RESINOIDS; PERFUMERY, COSMETIC OR TOILET PREPARATIONS","-232,180,699","-518,079,290","-606,608,865","-422,584,766","-414,985,650"
Dom. Exports FAS-Imports for Consumption Value,Canada,04,"DAIRY PRODUCE; BIRDS' EGGS; NATURAL HONEY; EDIBLE PRODUCTS OF ANIMAL ORIGIN, NESOI","165,625,446","288,763,178","318,158,081","251,318,071","270,670,078"
Dom. Exports FAS-Imports for Consumption Value,Canada,15,ANIMAL OR VEGETABLE FATS AND OILS AND THEIR CLEAVAGE PRODUCTS; PREPARED EDIBLE FATS; ANIMAL OR VEGETABLE WAXES,"-3,154,953,911","-4,500,021,427","-5,402,316,669","-4,035,737,563","-3,350,315,125"
Dom. Exports FAS-Imports for Consumption Value,Mexico,83,MISCELLANEOUS ARTICLES OF BASE METAL,"-1,072,954,157","-1,092,572,722","-1,278,112,726","-976,484,558","-1,037,360,755"
Dom. Exports FAS-Imports for Consumption Value,Mexico,30,PHARMACEUTICAL PRODUCTS,"1,473,782,729","1,027,881,174","1,020,272,591","891,247,895","1,535,959,732"
Dom. Exports FAS-Imports for Consumption Value,Canada,07,EDIBLE VEGETABLES AND CERTAIN ROOTS AND TUBERS,"-130,441,583","-465,308,409","-650,520,634","-537,252,339","-504,903,579"
Dom. Exports FAS-Imports for Consumption Value,China,15,ANIMAL OR VEGETABLE FATS AND OILS AND THEIR CLEAVAGE PRODUCTS; PREPARED EDIBLE FATS; ANIMAL OR VEGETABLE WAXES,"-13,987,925","-23,625,773","-765,035,132","-495,083,254","-926,110,607"
Dom. Exports FAS-Imports for Consumption Value,China,69,CERAMIC PRODUCTS,"-2,310,546,235","-2,664,584,331","-1,907,397,956","-1,366,925,789","-1,538,518,049"
Dom. Exports FAS-Imports for Consumption Value,Canada,25,"SALT; SULFUR; EARTHS AND STONE; PLASTERING MATERIALS, LIME AND CEMENT","-652,042,892","-694,183,119","-498,682,641","-364,111,316","-356,981,175"
Dom. Exports FAS-Imports for Consumption Value,China,48,"PAPER AND PAPERBOARD; ARTICLES OF PAPER PULP, PAPER OR PAPERBOARD","-1,986,085,270","-2,534,302,223","-2,093,037,564","-1,531,998,312","-1,594,876,522"
Dom. Exports FAS-Imports for Consumption Value,Mexico,34,"SOAP ETC.; LUBRICATING PRODUCTS; WAXES, POLISHING OR SCOURING PRODUCTS; CANDLES ETC., MODELING PASTES; DENTAL WAXES AND DENTAL PLASTER PREPARATIONS","-92,621,297","-138,661,980","-123,014,544","-67,357,059","-131,139,395"
Dom. Exports FAS-Imports for Consumption Value,Canada,63,MADE-UP TEXTILE ARTICLES NESOI; NEEDLECRAFT SETS; WORN CLOTHING AND WORN TEXTILE ARTICLES; RAGS,"444,996,757","484,870,920","310,581,348","235,556,035","210,161,296"
Dom. Exports FAS-Imports for Consumption Value,China,85,"ELECTRICAL MACHINERY AND EQUIPMENT AND PARTS THEREOF; SOUND RECORDERS AND REPRODUCERS, TELEVISION RECORDERS AND REPRODUCERS, PARTS AND ACCESSORIES","-114,549,124,968","-127,161,749,941","-112,140,712,955","-79,346,109,819","-75,439,934,306"
Dom. Exports FAS-Imports for Consumption Value,Canada,96,MISCELLANEOUS MANUFACTURED ARTICLES,"82,017,833","153,623,755","116,329,439","93,227,406","83,610,877"
Dom. Exports FAS-Imports for Consumption Value,Mexico,05,"PRODUCTS OF ANIMAL ORIGIN, NESOI","120,554,747","109,461,566","180,900,586","123,166,699","120,347,300"
Dom. Exports FAS-Imports for Consumption Value,China,06,"LIVE TREES AND OTHER PLANTS; BULBS, ROOTS AND THE LIKE; CUT FLOWERS AND ORNAMENTAL FOLIAGE","-90,478,122","-111,371,970","-81,306,251","-56,997,270","-63,642,846"
Dom. Exports FAS-Imports for Consumption Value,China,39,PLASTICS AND ARTICLES THEREOF,"-17,654,892,365","-15,970,523,373","-10,972,105,855","-8,157,187,675","-9,011,044,662"
Dom. Exports FAS-Imports for Consumption Value,Canada,24,TOBACCO AND MANUFACTURED TOBACCO SUBSTITUTES,"-97,483,893","-81,096,838","-79,607,239","-25,391,935","-70,615,893"
Dom. Exports FAS-Imports for Consumption Value,China,78,LEAD AND ARTICLES THEREOF,"-53,480,975","-160,703,282","-15,578,636","-15,109,965","-1,435,910"
Dom. Exports FAS-Imports for Consumption Value,Mexico,27,"MINERAL FUELS, MINERAL OILS AND PRODUCTS OF THEIR DISTILLATION; BITUMINOUS SUBSTANCES; MINERAL WAXES","27,318,273,976","31,194,726,372","22,672,511,416","16,925,201,126","18,491,020,154"
Dom. Exports FAS-Imports for Consumption Value,Mexico,44,WOOD AND ARTICLES OF WOOD; WOOD CHARCOAL,"193,071,843","266,965,572","256,579,523","198,668,808","151,190,629"
Dom. Exports FAS-Imports for Consumption Value,Canada,76,ALUMINUM AND ARTICLES THEREOF,"-8,144,498,577","-9,562,718,022","-8,018,190,936","-6,098,150,434","-6,150,205,259"
Dom. Exports FAS-Imports for Consumption Value,China,12,"OIL SEEDS AND OLEAGINOUS FRUITS; MISCELLANEOUS GRAINS, SEEDS AND FRUITS; INDUSTRIAL OR MEDICINAL PLANTS; STRAW AND FODDER","14,880,271,394","18,738,247,858","15,574,620,907","8,138,893,269","5,998,607,549"
Dom. Exports FAS-Imports for Consumption Value,Mexico,87,"VEHICLES, OTHER THAN RAILWAY OR TRAMWAY ROLLING STOCK, AND PARTS AND ACCESSORIES THEREOF","-75,499,134,031","-89,573,357,695","-103,280,478,398","-75,723,178,409","-82,654,337,686"
Dom. Exports FAS-Imports for Consumption Value,Mexico,51,"WOOL AND FINE OR COARSE ANIMAL HAIR, INCLUDING YARNS AND WOVEN FABRICS THEREOF; HORSEHAIR YARN AND WOVEN FABRIC","-14,339,888","-19,812,630","-18,423,263","-15,035,217","-14,898,313"
Dom. Exports FAS-Imports for Consumption Value,Mexico,80,TIN AND ARTICLES THEREOF,"16,543,138","12,725,423","3,199,862","3,085,722","3,308,393"
Dom. Exports FAS-Imports for Consumption Value,Canada,47,PULP OF WOOD OR OTHER FIBROUS CELLULOSIC MATERIAL; RECOVERED (WASTE AND SCRAP) PAPER AND PAPERBOARD,"-1,702,248,785","-2,168,983,550","-1,560,940,239","-1,237,188,068","-1,305,878,706"
Dom. Exports FAS-Imports for Consumption Value,Mexico,98,"SPECIAL CLASSIFICATION PROVISIONS, NESOI","1,524,752,387","2,181,685,160","1,832,909,066","1,446,387,205","596,776,439"
Dom. Exports FAS-Imports for Consumption Value,Mexico,97,"WORKS OF ART, COLLECTORS' PIECES AND ANTIQUES","-53,069,428","-82,138,020","-45,729,531","-24,084,631","-24,881,128"
Dom. Exports FAS-Imports for Consumption Value,Canada,54,"MANMADE FILAMENTS, INCLUDING YARNS AND WOVEN FABRICS THEREOF","-35,225,439","16,543,222","8,518,671","10,230,058","857,817"
Dom. Exports FAS-Imports for Consumption Value,China,09,"COFFEE, TEA, MATE AND SPICES","-218,131,821","-229,224,813","-196,286,977","-149,234,635","-166,055,605"
Dom. Exports FAS-Imports for Consumption Value,Canada,06,"LIVE TREES AND OTHER PLANTS; BULBS, ROOTS AND THE LIKE; CUT FLOWERS AND ORNAMENTAL FOLIAGE","-376,344,269","-428,322,340","-518,730,575","-339,315,634","-365,829,094"
Dom. Exports FAS-Imports for Consumption Value,China,41,RAW HIDES AND SKINS (OTHER THAN FURSKINS) AND LEATHER,"724,623,012","612,184,290","599,438,197","443,036,271","395,500,514"
Dom. Exports FAS-Imports for Consumption Value,Mexico,94,"FURNITURE; BEDDING, CUSHIONS ETC.; LAMPS AND LIGHTING FITTINGS NESOI; ILLUMINATED SIGNS, NAMEPLATES AND THE LIKE; PREFABRICATED BUILDINGS","-10,053,215,618","-11,624,651,820","-11,778,666,114","-8,983,581,051","-8,785,819,676"
Dom. Exports FAS-Imports for Consumption Value,Canada,61,"ARTICLES OF APPAREL AND CLOTHING ACCESSORIES, KNITTED OR CROCHETED","330,544,713","412,132,832","406,448,356","285,259,928","278,950,814"
Dom. Exports FAS-Imports for Consumption Value,Canada,85,"ELECTRICAL MACHINERY AND EQUIPMENT AND PARTS THEREOF; SOUND RECORDERS AND REPRODUCERS, TELEVISION RECORDERS AND REPRODUCERS, PARTS AND ACCESSORIES","5,754,581,164","6,192,482,024","6,483,647,576","5,136,625,401","4,009,343,806"
Dom. Exports FAS-Imports for Consumption Value,Canada,44,WOOD AND ARTICLES OF WOOD; WOOD CHARCOAL,"-16,514,848,606","-14,045,155,464","-8,653,121,050","-6,524,354,764","-6,759,598,520"
Dom. Exports FAS-Imports for Consumption Value,Canada,51,"WOOL AND FINE OR COARSE ANIMAL HAIR, INCLUDING YARNS AND WOVEN FABRICS THEREOF; HORSEHAIR YARN AND WOVEN FABRIC","-12,844,696","-16,073,769","-13,742,287","-12,102,098","-11,055,229"
Dom. Exports FAS-Imports for Consumption Value,China,05,"PRODUCTS OF ANIMAL ORIGIN, NESOI","107,823,058","169,742,323","197,955,494","155,812,874","63,150,898"
Dom. Exports FAS-Imports for Consumption Value,China,30,PHARMACEUTICAL PRODUCTS,"120,948,947","-5,539,556,090","-1,840,222,965","-1,379,709,436","-1,970,388,061"
Dom. Exports FAS-Imports for Consumption Value,China,03,"FISH AND CRUSTACEANS, MOLLUSCS AND OTHER AQUATIC INVERTEBRATES","-556,503,037","-646,533,795","-347,103,246","-304,508,507","-250,281,473"
Dom. Exports FAS-Imports for Consumption Value,China,59,"IMPREGNATED, COATED, COVERED OR LAMINATED TEXTILE FABRICS; TEXTILE ARTICLES SUITABLE FOR INDUSTRIAL USE","-324,411,460","-327,440,410","-268,637,952","-200,403,032","-220,567,414"
Dom. Exports FAS-Imports for Consumption Value,Canada,23,RESIDUES AND WASTE FROM THE FOOD INDUSTRIES; PREPARED ANIMAL FEED,"222,394,610","370,218,090","60,313,482","-39,844,302","204,964,336"
Dom. Exports FAS-Imports for Consumption Value,Canada,28,"INORGANIC CHEMICALS; ORGANIC OR INORGANIC COMPOUNDS OF PRECIOUS METALS, OF RARE-EARTH METALS, OF RADIOACTIVE ELEMENTS OR OF ISOTOPES","-1,218,535,040","-1,979,467,762","-2,035,272,521","-1,449,538,991","-2,251,740,756"
Dom. Exports FAS-Imports for Consumption Value,Canada,08,EDIBLE FRUIT AND NUTS; PEEL OF CITRUS FRUIT OR MELONS,"1,858,405,471","1,707,523,974","1,658,450,382","1,291,562,421","1,375,601,163"
Dom. Exports FAS-Imports for Consumption Value,Mexico,69,CERAMIC PRODUCTS,"-932,144,817","-906,558,474","-1,042,668,281","-793,388,197","-784,649,679"
Dom. Exports FAS-Imports for Consumption Value,Mexico,16,"EDIBLE PREPARATIONS OF MEAT, FISH, CRUSTACEANS, MOLLUSCS OR OTHER AQUATIC INVERTEBRATES","221,389,915","229,401,195","272,689,374","194,681,433","234,030,031"
Dom. Exports FAS-Imports for Consumption Value,Mexico,89,"SHIPS, BOATS AND FLOATING STRUCTURES","-410,597,616","-706,635,951","-629,390,830","-514,894,687","-381,053,212"
Dom. Exports FAS-Imports for Consumption Value,Mexico,70,GLASS AND GLASSWARE,"-924,540,834","-1,125,604,040","-991,695,369","-799,739,932","-691,470,904"
Dom. Exports FAS-Imports for Consumption Value,China,71,"NATURAL OR CULTURED PEARLS, PRECIOUS OR SEMIPRECIOUS STONES, PRECIOUS METALS; PRECIOUS METAL CLAD METALS, ARTICLES THEREOF; IMITATION JEWELRY; COIN","-1,173,308,929","-1,289,664,985","-538,208,740","-383,736,003","-867,996,195"
Dom. Exports FAS-Imports for Consumption Value,China,55,"MANMADE STAPLE FIBERS, INCLUDING YARNS AND WOVEN FABRICS THEREOF","-159,736,784","-133,915,844","-75,415,466","-61,892,164","-56,473,464"
Dom. Exports FAS-Imports for Consumption Value,China,18,COCOA AND COCOA PREPARATIONS,"14,651,482","1,511,608","9,958,307","8,126,077","17,356,674"
Dom. Exports FAS-Imports for Consumption Value,China,22,"BEVERAGES, SPIRITS AND VINEGAR","224,023,650","42,128,954","26,006,527","23,067,529","46,656,318"
Dom. Exports FAS-Imports for Consumption Value,Mexico,93,ARMS AND AMMUNITION; PARTS AND ACCESSORIES THEREOF,"-59,051,673","-49,055,427","5,513,834","-709,410","5,113,647"
Dom. Exports FAS-Imports for Consumption Value,Canada,13,LAC; GUMS; RESINS AND OTHER VEGETABLE SAPS AND EXTRACTS,"44,225,194","43,616,658","37,145,237","27,211,017","36,629,832"
Dom. Exports FAS-Imports for Consumption Value,China,29,ORGANIC CHEMICALS,"-6,928,522,088","-9,232,447,715","-3,682,622,105","-2,827,716,886","-3,298,930,801"
Dom. Exports FAS-Imports for Consumption Value,Mexico,95,"TOYS, GAMES AND SPORTS EQUIPMENT; PARTS AND ACCESSORIES THEREOF","-890,832,174","-997,658,750","-1,003,251,607","-746,980,326","-848,201,740"
Dom. Exports FAS-Imports for Consumption Value,Canada,73,ARTICLES OF IRON OR STEEL,"985,783,608","829,190,210","596,991,582","481,180,504","406,358,492"
Dom. Exports FAS-Imports for Consumption Value,Mexico,21,MISCELLANEOUS EDIBLE PREPARATIONS,"683,991,824","619,758,256","575,173,854","439,381,839","474,479,416"
Dom. Exports FAS-Imports for Consumption Value,China,33,"ESSENTIAL OILS AND RESINOIDS; PERFUMERY, COSMETIC OR TOILET PREPARATIONS","-152,197,489","-208,642,413","-255,665,267","-160,232,369","-257,753,898"
Dom. Exports FAS-Imports for Consumption Value,China,34,"SOAP ETC.; LUBRICATING PRODUCTS; WAXES, POLISHING OR SCOURING PRODUCTS; CANDLES ETC., MODELING PASTES; DENTAL WAXES AND DENTAL PLASTER PREPARATIONS","14,779,198","-34,252,427","-86,860,943","-46,935,385","-108,047,368"
Dom. Exports FAS-Imports for Consumption Value,China,61,"ARTICLES OF APPAREL AND CLOTHING ACCESSORIES, KNITTED OR CROCHETED","-12,110,524,864","-12,551,166,571","-9,459,482,814","-7,208,352,558","-7,374,136,890"
Dom. Exports FAS-Imports for Consumption Value,Canada,94,"FURNITURE; BEDDING, CUSHIONS ETC.; LAMPS AND LIGHTING FITTINGS NESOI; ILLUMINATED SIGNS, NAMEPLATES AND THE LIKE; PREFABRICATED BUILDINGS","-1,120,789,875","-1,772,616,582","-1,784,620,634","-1,372,853,683","-1,189,712,818"
Dom. Exports FAS-Imports for Consumption Value,Canada,97,"WORKS OF ART, COLLECTORS' PIECES AND ANTIQUES","11,774,577","6,057,900","-50,613,732","-42,609,099","-26,591,200"
Dom. Exports FAS-Imports for Consumption Value,China,24,TOBACCO AND MANUFACTURED TOBACCO SUBSTITUTES,"168,839,509","-76,874,578","119,417,964","131,720,261","164,817,551"
Dom. Exports FAS-Imports for Consumption Value,China,93,ARMS AND AMMUNITION; PARTS AND ACCESSORIES THEREOF,"-295,416,519","-214,831,846","-163,580,962","-128,975,831","-129,812,278"
Dom. Exports FAS-Imports for Consumption Value,Mexico,13,LAC; GUMS; RESINS AND OTHER VEGETABLE SAPS AND EXTRACTS,"124,829","-8,288,291","-7,925,043","-3,351,166","-2,226,683"
Dom. Exports FAS-Imports for Consumption Value,Mexico,14,"VEGETABLE PLAITING MATERIALS AND VEGETABLE PRODUCTS, NESOI","-64,124,583","-57,142,220","-62,070,637","-34,514,254","-59,461,124"
Dom. Exports FAS-Imports for Consumption Value,China,13,LAC; GUMS; RESINS AND OTHER VEGETABLE SAPS AND EXTRACTS,"-274,716,442","-291,604,479","-241,283,949","-183,454,038","-221,853,078"
Dom. Exports FAS-Imports for Consumption Value,Canada,55,"MANMADE STAPLE FIBERS, INCLUDING YARNS AND WOVEN FABRICS THEREOF","108,877,749","109,989,933","95,419,244","71,477,742","70,577,040"
Dom. Exports FAS-Imports for Consumption Value,Mexico,81,BASE METALS NESOI; CERMETS; ARTICLES THEREOF,"89,827,370","99,678,708","119,431,478","90,590,753","111,004,335"
Dom. Exports FAS-Imports for Consumption Value,Mexico,15,ANIMAL OR VEGETABLE FATS AND OILS AND THEIR CLEAVAGE PRODUCTS; PREPARED EDIBLE FATS; ANIMAL OR VEGETABLE WAXES,"495,676,187","278,231,853","-4,725,366","-13,204,345","-163,384,415"
Dom. Exports FAS-Imports for Consumption Value,Canada,40,RUBBER AND ARTICLES THEREOF,"377,502,153","509,802,220","539,884,987","444,306,458","239,737,701"
Dom. Exports FAS-Imports for Consumption Value,Mexico,22,"BEVERAGES, SPIRITS AND VINEGAR","-9,053,899,443","-10,910,043,267","-10,997,194,017","-8,263,891,708","-9,431,963,332"
Dom. Exports FAS-Imports for Consumption Value,Mexico,79,ZINC AND ARTICLES THEREOF,"-194,978,830","-252,518,835","-143,749,917","-116,830,112","-104,755,726"
Dom. Exports FAS-Imports for Consumption Value,China,35,ALBUMINOIDAL SUBSTANCES; MODIFIED STARCHES; GLUES; ENZYMES,"1,164,736","-72,589,844","-32,325,412","-15,296,859","-1,344,286"
Dom. Exports FAS-Imports for Consumption Value,Canada,57,CARPETS AND OTHER TEXTILE FLOOR COVERINGS,"411,704,791","408,905,160","405,734,218","298,657,016","300,298,234"
Dom. Exports FAS-Imports for Consumption Value,Mexico,07,EDIBLE VEGETABLES AND CERTAIN ROOTS AND TUBERS,"-7,628,600,776","-8,137,065,522","-8,533,770,531","-6,619,584,313","-6,841,589,161"
Dom. Exports FAS-Imports for Consumption Value,Mexico,73,ARTICLES OF IRON OR STEEL,"-1,446,224,852","-2,207,639,097","-1,529,219,587","-1,273,698,368","-602,260,944"
Dom. Exports FAS-Imports for Consumption Value,Mexico,56,"WADDING, FELT AND NONWOVENS; SPECIAL YARNS; TWINE, CORDAGE, ROPES AND CABLES AND ARTICLES THEREOF","533,801,314","414,522,767","489,130,920","353,259,269","376,176,950"
Dom. Exports FAS-Imports for Consumption Value,China,53,VEGETABLE TEXTILE FIBERS NESOI; YARNS AND WOVEN FABRICS OF VEGETABLE TEXTILE FIBERS NESOI AND PAPER,"-23,524,653","-24,546,572","-15,369,182","-11,564,107","-10,202,325"
Dom. Exports FAS-Imports for Consumption Value,Canada,48,"PAPER AND PAPERBOARD; ARTICLES OF PAPER PULP, PAPER OR PAPERBOARD","-895,980,422","-1,167,913,995","-1,098,906,857","-824,777,814","-693,523,348"
Dom. Exports FAS-Imports for Consumption Value,China,28,"INORGANIC CHEMICALS; ORGANIC OR INORGANIC COMPOUNDS OF PRECIOUS METALS, OF RARE-EARTH METALS, OF RADIOACTIVE ELEMENTS OR OF ISOTOPES","43,200,550","-484,732,485","-383,591,764","-87,259,661","-427,457,512"
Dom. Exports FAS-Imports for Consumption Value,Mexico,66,"UMBRELLAS, SUN UMBRELLAS, WALKING-STICKS, SEAT-STICKS, WHIPS, RIDING-CROPS AND PARTS THEREOF","-483,560","786,288","1,968,580","1,214,665","-107,123"
Dom. Exports FAS-Imports for Consumption Value,Mexico,20,"PREPARATIONS OF VEGETABLES, FRUIT, NUTS, OR OTHER PARTS OF PLANTS","-996,244,872","-1,280,105,514","-1,303,073,337","-968,655,140","-1,112,398,105"
Dom. Exports FAS-Imports for Consumption Value,Mexico,71,"NATURAL OR CULTURED PEARLS, PRECIOUS OR SEMIPRECIOUS STONES, PRECIOUS METALS; PRECIOUS METAL CLAD METALS, ARTICLES THEREOF; IMITATION JEWELRY; COIN","-5,421,580,127","-4,520,515,318","-4,879,713,917","-3,557,558,759","-3,609,792,586"
Dom. Exports FAS-Imports for Consumption Value,Canada,87,"VEHICLES, OTHER THAN RAILWAY OR TRAMWAY ROLLING STOCK, AND PARTS AND ACCESSORIES THEREOF","5,526,675,847","9,816,952,813","-1,275,433,650","724,713,062","2,278,416,185"
Dom. Exports FAS-Imports for Consumption Value,Mexico,82,"TOOLS, IMPLEMENTS, CUTLERY, SPOONS AND FORKS, OF BASE METAL; PARTS THEREOF OF BASE METAL","21,273,265","86,829,458","184,903,005","136,442,483","90,394,265"
Dom. Exports FAS-Imports for Consumption Value,China,87,"VEHICLES, OTHER THAN RAILWAY OR TRAMWAY ROLLING STOCK, AND PARTS AND ACCESSORIES THEREOF","-6,918,361,846","-10,059,496,494","-7,178,907,678","-5,440,353,939","-7,069,306,922"
Dom. Exports FAS-Imports for Consumption Value,Mexico,08,EDIBLE FRUIT AND NUTS; PEEL OF CITRUS FRUIT OR MELONS,"-8,375,413,914","-9,068,014,841","-9,416,926,453","-7,425,828,720","-7,238,515,320"
Dom. Exports FAS-Imports for Consumption Value,China,54,"MANMADE FILAMENTS, INCLUDING YARNS AND WOVEN FABRICS THEREOF","-220,333,906","-227,365,037","-123,312,127","-101,368,257","-97,501,383"
Dom. Exports FAS-Imports for Consumption Value,China,81,BASE METALS NESOI; CERMETS; ARTICLES THEREOF,"-157,560,866","-374,869,501","-369,326,629","-312,499,871","-384,444,267"
Dom. Exports FAS-Imports for Consumption Value,China,50,"SILK, INCLUDING YARNS AND WOVEN FABRICS THEREOF","-9,340,744","-16,456,226","-11,820,945","-8,986,349","-11,267,799"
Dom. Exports FAS-Imports for Consumption Value,Canada,17,SUGARS AND SUGAR CONFECTIONERY,"-345,205,601","-384,504,546","-398,684,984","-271,989,535","-298,197,539"
Dom. Exports FAS-Imports for Consumption Value,China,14,"VEGETABLE PLAITING MATERIALS AND VEGETABLE PRODUCTS, NESOI","-14,607,550","-20,767,088","-15,206,368","-11,364,271","-13,219,222"
Dom. Exports FAS-Imports for Consumption Value,China,16,"EDIBLE PREPARATIONS OF MEAT, FISH, CRUSTACEANS, MOLLUSCS OR OTHER AQUATIC INVERTEBRATES","-317,895,020","-258,575,243","-180,670,140","-141,648,307","-55,791,857"
Dom. Exports FAS-Imports for Consumption Value,China,27,"MINERAL FUELS, MINERAL OILS AND PRODUCTS OF THEIR DISTILLATION; BITUMINOUS SUBSTANCES; MINERAL WAXES","14,361,392,804","12,113,061,715","15,542,674,610","11,882,677,816","9,711,549,401"
Dom. Exports FAS-Imports for Consumption Value,Canada,91,CLOCKS AND WATCHES AND PARTS THEREOF,"36,995,333","34,818,055","30,835,280","23,489,627","9,155,641"
Dom. Exports FAS-Imports for Consumption Value,China,98,"SPECIAL CLASSIFICATION PROVISIONS, NESOI","-4,184,532,726","-3,679,053,401","-3,059,166,518","-2,317,092,462","-3,092,015,802"
Dom. Exports FAS-Imports for Consumption Value,Canada,89,"SHIPS, BOATS AND FLOATING STRUCTURES","575,272,862","700,178,984","576,818,783","510,744,761","278,794,922"
Dom. Exports FAS-Imports for Consumption Value,China,72,IRON AND STEEL,"-180,331,904","-626,470,653","-262,508,679","-238,882,095","-137,868,525"
Dom. Exports FAS-Imports for Consumption Value,China,86,"RAILWAY OR TRAMWAY LOCOMOTIVES, ROLLING STOCK, TRACK FIXTURES AND FITTINGS, AND PARTS THEREOF; MECHANICAL ETC. TRAFFIC SIGNAL EQUIPMENT OF ALL KINDS","-765,141,616","-1,359,154,103","-826,421,425","-707,811,668","-469,086,474"
Dom. Exports FAS-Imports for Consumption Value,China,04,"DAIRY PRODUCE; BIRDS' EGGS; NATURAL HONEY; EDIBLE PRODUCTS OF ANIMAL ORIGIN, NESOI","480,710,691","524,500,052","336,773,497","258,140,959","214,810,547"
Dom. Exports FAS-Imports for Consumption Value,Mexico,86,"RAILWAY OR TRAMWAY LOCOMOTIVES, ROLLING STOCK, TRACK FIXTURES AND FITTINGS, AND PARTS THEREOF; MECHANICAL ETC. TRAFFIC SIGNAL EQUIPMENT OF ALL KINDS","559,052,643","797,768,433","727,817,119","553,209,050","662,715,409"
Dom. Exports FAS-Imports for Consumption Value,China,40,RUBBER AND ARTICLES THEREOF,"-4,912,879,402","-2,906,292,005","-2,141,964,602","-1,590,009,335","-1,580,474,608"
Dom. Exports FAS-Imports for Consumption Value,China,19,"PREPARATIONS OF CEREALS, FLOUR, STARCH OR MILK; BAKERS' WARES","-166,605,961","-208,459,814","-184,715,235","-137,647,978","-157,548,845"
Dom. Exports FAS-Imports for Consumption Value,Mexico,74,COPPER AND ARTICLES THEREOF,"685,986,323","756,040,242","1,506,242,778","1,132,389,945","1,307,139,149"
Dom. Exports FAS-Imports for Consumption Value,Mexico,39,PLASTICS AND ARTICLES THEREOF,"10,375,389,799","10,529,826,936","10,988,144,876","8,340,543,560","8,670,462,377"
Dom. Exports FAS-Imports for Consumption Value,Mexico,55,"MANMADE STAPLE FIBERS, INCLUDING YARNS AND WOVEN FABRICS THEREOF","303,852,669","313,685,903","259,484,908","207,849,149","208,664,905"
Dom. Exports FAS-Imports for Consumption Value,China,56,"WADDING, FELT AND NONWOVENS; SPECIAL YARNS; TWINE, CORDAGE, ROPES AND CABLES AND ARTICLES THEREOF","-610,915,611","-424,327,920","-328,622,918","-232,281,342","-361,702,552"
Dom. Exports FAS-Imports for Consumption Value,China,84,"NUCLEAR REACTORS, BOILERS, MACHINERY AND MECHANICAL APPLIANCES; PARTS THEREOF","-93,040,117,854","-90,518,672,949","-69,834,515,363","-53,867,213,601","-50,920,278,625"
Dom. Exports FAS-Imports for Consumption Value,China,08,EDIBLE FRUIT AND NUTS; PEEL OF CITRUS FRUIT OR MELONS,"860,862,645","516,749,150","995,172,896","371,935,058","388,317,491"
Dom. Exports FAS-Imports for Consumption Value,Mexico,61,"ARTICLES OF APPAREL AND CLOTHING ACCESSORIES, KNITTED OR CROCHETED","-730,128,332","-831,874,709","-749,295,297","-559,883,281","-531,770,885"
Dom. Exports FAS-Imports for Consumption Value,Mexico,17,SUGARS AND SUGAR CONFECTIONERY,"-982,560,125","-1,335,930,933","-1,112,305,425","-1,079,199,052","-386,594,424"
Dom. Exports FAS-Imports for Consumption Value,Mexico,49,"PRINTED BOOKS, NEWSPAPERS, PICTURES AND OTHER PRINTED PRODUCTS; MANUSCRIPTS, TYPESCRIPTS AND PLANS","123,591,416","55,171,622","-126,917,113","-75,857,070","-100,127,005"
Dom. Exports FAS-Imports for Consumption Value,China,73,ARTICLES OF IRON OR STEEL,"-12,893,685,067","-13,567,609,418","-10,004,888,260","-7,460,241,169","-8,373,105,800"
Dom. Exports FAS-Imports for Consumption Value,Canada,81,BASE METALS NESOI; CERMETS; ARTICLES THEREOF,"54,327,701","-51,386,041","-51,522,424","-43,933,449","-7,123,815"
Dom. Exports FAS-Imports for Consumption Value,Mexico,31,FERTILIZERS,"89,342,102","361,841,368","221,251,516","218,366,552","129,684,074"
Dom. Exports FAS-Imports for Consumption Value,China,36,EXPLOSIVES; PYROTECHNIC PRODUCTS; MATCHES; PYROPHORIC ALLOYS; CERTAIN COMBUSTIBLE PREPARATIONS,"-452,686,999","-565,514,522","-344,192,951","-289,740,142","-344,981,162"
Dom. Exports FAS-Imports for Consumption Value,China,67,PREPARED FEATHERS AND DOWN AND ARTICLES THEREOF; ARTIFICIAL FLOWERS; ARTICLES OF HUMAN HAIR,"-2,432,507,382","-2,578,452,125","-1,773,149,318","-1,344,412,394","-1,395,489,685"
Dom. Exports FAS-Imports for Consumption Value,Mexico,35,ALBUMINOIDAL SUBSTANCES; MODIFIED STARCHES; GLUES; ENZYMES,"442,977,047","502,788,392","558,875,505","421,795,280","392,105,980"
Dom. Exports FAS-Imports for Consumption Value,China,75,NICKEL AND ARTICLES THEREOF,"351,047,799","359,856,853","500,223,105","393,778,593","326,127,447"
Dom. Exports FAS-Imports for Consumption Value,China,43,FURSKINS AND ARTIFICIAL FUR; MANUFACTURES THEREOF,"-20,839,935","-22,903,291","-13,469,962","-9,962,488","-11,048,612"
Dom. Exports FAS-Imports for Consumption Value,China,32,"TANNING OR DYEING EXTRACTS; TANNINS AND DERIVATIVES; DYES, PIGMENTS AND OTHER COLORING MATTER; PAINTS AND VARNISHES; PUTTY AND OTHER MASTICS; INKS","-7,012,721","-33,685,873","33,903,064","20,406,955","26,386,172"
Dom. Exports FAS-Imports for Consumption Value,Canada,67,PREPARED FEATHERS AND DOWN AND ARTICLES THEREOF; ARTIFICIAL FLOWERS; ARTICLES OF HUMAN HAIR,"21,775,105","24,409,175","22,531,244","17,738,196","19,321,943"
Dom. Exports FAS-Imports for Consumption Value,Mexico,43,FURSKINS AND ARTIFICIAL FUR; MANUFACTURES THEREOF,"15,604,782","5,020,573","773,449","661,446","706,061"
Dom. Exports FAS-Imports for Consumption Value,Canada,11,MILLING INDUSTRY PRODUCTS; MALT; STARCHES; INULIN; WHEAT GLUTEN,"-603,189,401","-897,997,374","-805,375,172","-616,210,370","-592,608,019"
Dom. Exports FAS-Imports for Consumption Value,China,31,FERTILIZERS,"-636,961","28,195,442","-2,515,380","-1,111,459","15,496,784"
Dom. Exports FAS-Imports for Consumption Value,Mexico,96,MISCELLANEOUS MANUFACTURED ARTICLES,"-388,129,609","-478,088,169","-351,879,005","-260,280,555","-427,931,949"
Dom. Exports FAS-Imports for Consumption Value,Canada,09,"COFFEE, TEA, MATE AND SPICES","-53,185,905","-100,926,011","-2,612,839","-16,238,457","-18,608,724"
Dom. Exports FAS-Imports for Consumption Value,Canada,52,"COTTON, INCLUDING YARNS AND WOVEN FABRICS THEREOF","25,228,825","25,049,441","16,754,947","13,127,626","12,588,478"
Dom. Exports FAS-Imports for Consumption Value,Mexico,26,"ORES, SLAG AND ASH","932,127,936","1,074,890,252","1,453,318,096","1,140,673,114","1,196,065,783"
Dom. Exports FAS-Imports for Consumption Value,Canada,36,EXPLOSIVES; PYROTECHNIC PRODUCTS; MATCHES; PYROPHORIC ALLOYS; CERTAIN COMBUSTIBLE PREPARATIONS,"-11,987,446","-720,904","-46,701,671","-34,413,549","-29,160,658"
Dom. Exports FAS-Imports for Consumption Value,China,38,MISCELLANEOUS CHEMICAL PRODUCTS,"1,110,267,246","-1,130,302,175","1,272,525,308","900,911,962","1,185,499,084"
Dom. Exports FAS-Imports for Consumption Value,China,83,MISCELLANEOUS ARTICLES OF BASE METAL,"-5,637,161,668","-6,018,975,834","-4,504,107,371","-3,387,059,703","-3,779,586,163"
Dom. Exports FAS-Imports for Consumption Value,China,25,"SALT; SULFUR; EARTHS AND STONE; PLASTERING MATERIALS, LIME AND CEMENT","-17,490,929","-202,801,126","123,490,939","32,012,622","265,907,292"
Dom. Exports FAS-Imports for Consumption Value,China,51,"WOOL AND FINE OR COARSE ANIMAL HAIR, INCLUDING YARNS AND WOVEN FABRICS THEREOF; HORSEHAIR YARN AND WOVEN FABRIC","2,692,328","3,442,480","4,547,696","3,379,546","8,043,908"
Dom. Exports FAS-Imports for Consumption Value,Mexico,45,CORK AND ARTICLES OF CORK,"2,318,042","4,485,501","5,235,296","4,429,772","5,214,954"
Dom. Exports FAS-Imports for Consumption Value,Mexico,90,"OPTICAL, PHOTOGRAPHIC, CINEMATOGRAPHIC, MEASURING, CHECKING, PRECISION, MEDICAL OR SURGICAL INSTRUMENTS AND APPARATUS; PARTS AND ACCESSORIES THEREOF","-12,253,842,786","-13,309,772,354","-16,214,272,038","-12,092,500,191","-12,335,043,411"
Dom. Exports FAS-Imports for Consumption Value,Canada,60,KNITTED OR CROCHETED FABRICS,"-20,283,411","-23,539,394","-25,490,132","-19,101,061","-16,619,144"
Dom. Exports FAS-Imports for Consumption Value,Canada,74,COPPER AND ARTICLES THEREOF,"-1,891,274,934","-1,825,185,549","-1,750,240,246","-1,267,912,928","-1,400,174,142"
Dom. Exports FAS-Imports for Consumption Value,Canada,29,ORGANIC CHEMICALS,"38,708,007","358,228,103","-296,408,664","-285,084,838","-151,864,542"
Dom. Exports FAS-Imports for Consumption Value,Canada,30,PHARMACEUTICAL PRODUCTS,"1,750,129,112","204,814,647","-1,074,810,437","-1,168,202,317","-394,563,051"
Dom. Exports FAS-Imports for Consumption Value,Canada,39,PLASTICS AND ARTICLES THEREOF,"-103,733,666","954,210,546","592,704,363","539,826,592","33,775,756"
Dom. Exports FAS-Imports for Consumption Value,China,70,GLASS AND GLASSWARE,"-2,375,239,711","-2,445,706,988","-1,791,263,120","-1,326,395,459","-1,562,050,139"
Dom. Exports FAS-Imports for Consumption Value,Mexico,23,RESIDUES AND WASTE FROM THE FOOD INDUSTRIES; PREPARED ANIMAL FEED,"1,866,451,632","1,973,467,705","1,927,715,192","1,447,503,637","1,461,658,566"
Dom. Exports FAS-Imports for Consumption Value,Mexico,06,"LIVE TREES AND OTHER PLANTS; BULBS, ROOTS AND THE LIKE; CUT FLOWERS AND ORNAMENTAL FOLIAGE","-3,129,363","9,451,281","13,419,454","-34,911,350","-20,777,638"
Dom. Exports FAS-Imports for Consumption Value,Mexico,75,NICKEL AND ARTICLES THEREOF,"121,282,811","173,213,225","192,273,832","141,642,718","143,866,245"
Dom. Exports FAS-Imports for Consumption Value,Canada,31,FERTILIZERS,"-2,293,580,631","-3,683,387,313","-2,588,377,201","-2,155,409,142","-1,631,255,121"
Dom. Exports FAS-Imports for Consumption Value,China,11,MILLING INDUSTRY PRODUCTS; MALT; STARCHES; INULIN; WHEAT GLUTEN,"-44,282,123","-25,567,485","-9,510,390","-8,843,457","-9,539,844"
Dom. Exports FAS-Imports for Consumption Value,Canada,58,SPECIAL WOVEN FABRICS; TUFTED TEXTILE FABRICS; LACE; TAPESTRIES; TRIMMINGS; EMBROIDERY,"23,770,232","25,339,158","16,688,464","11,955,366","11,138,694"
Dom. Exports FAS-Imports for Consumption Value,China,02,MEAT AND EDIBLE MEAT OFFAL,"3,944,757,597","4,317,435,864","3,326,071,246","2,613,823,289","2,043,431,608"
Dom. Exports FAS-Imports for Consumption Value,Canada,62,"ARTICLES OF APPAREL AND CLOTHING ACCESSORIES, NOT KNITTED OR CROCHETED","83,044,004","107,297,618","136,013,554","93,210,916","83,533,937"
Dom. Exports FAS-Imports for Consumption Value,China,37,PHOTOGRAPHIC OR CINEMATOGRAPHIC GOODS,"596,525,348","516,284,019","461,576,795","347,398,574","375,647,183"
Dom. Exports FAS-Imports for Consumption Value,Canada,34,"SOAP ETC.; LUBRICATING PRODUCTS; WAXES, POLISHING OR SCOURING PRODUCTS; CANDLES ETC., MODELING PASTES; DENTAL WAXES AND DENTAL PLASTER PREPARATIONS","1,436,843,200","1,755,647,210","1,758,547,533","1,294,893,013","1,399,072,512"
Dom. Exports FAS-Imports for Consumption Value,China,63,MADE-UP TEXTILE ARTICLES NESOI; NEEDLECRAFT SETS; WORN CLOTHING AND WORN TEXTILE ARTICLES; RAGS,"-10,954,899,327","-10,054,982,113","-7,884,698,556","-5,792,530,914","-6,336,475,077"
Dom. Exports FAS-Imports for Consumption Value,Mexico,78,LEAD AND ARTICLES THEREOF,"-130,739,591","-130,871,226","-77,747,632","-56,130,813","-75,430,618"
Dom. Exports FAS-Imports for Consumption Value,Canada,45,CORK AND ARTICLES OF CORK,"5,409,975","4,038,273","3,726,789","3,246,235","2,789,886"
Dom. Exports FAS-Imports for Consumption Value,Mexico,65,HEADGEAR AND PARTS THEREOF,"-272,829,453","-311,100,455","-365,305,239","-280,850,179","-334,838,378"
Dom. Exports FAS-Imports for Consumption Value,Mexico,57,CARPETS AND OTHER TEXTILE FLOOR COVERINGS,"12,374,337","-47,607,850","-75,490,310","-68,945,348","-13,416,496"
Dom. Exports FAS-Imports for Consumption Value,Mexico,38,MISCELLANEOUS CHEMICAL PRODUCTS,"4,137,998,225","4,485,804,648","4,720,343,613","3,869,736,551","2,401,251,235"
Dom. Exports FAS-Imports for Consumption Value,China,76,ALUMINUM AND ARTICLES THEREOF,"-3,026,874,693","-3,338,513,960","-2,231,078,092","-1,642,433,982","-1,875,101,857"
Dom. Exports FAS-Imports for Consumption Value,Canada,93,ARMS AND AMMUNITION; PARTS AND ACCESSORIES THEREOF,"14,345,025","144,104,522","224,765,326","200,969,061","84,618,974"
Dom. Exports FAS-Imports for Consumption Value,China,88,"AIRCRAFT, SPACECRAFT, AND PARTS THEREOF","4,012,793,775","4,518,307,156","5,435,383,039","4,194,262,657","7,252,005,448"
Dom. Exports FAS-Imports for Consumption Value,China,80,TIN AND ARTICLES THEREOF,"-64,773,261","-6,147,150","-6,844,550","-5,532,571","2,028,976"
Dom. Exports FAS-Imports for Consumption Value,Canada,12,"OIL SEEDS AND OLEAGINOUS FRUITS; MISCELLANEOUS GRAINS, SEEDS AND FRUITS; INDUSTRIAL OR MEDICINAL PLANTS; STRAW AND FODDER","-66,959,258","-141,041,200","-54,576,209","-68,585,564","-40,926,548"
Dom. Exports FAS-Imports for Consumption Value,Canada,26,"ORES, SLAG AND ASH","1,890,225,686","2,046,964,051","1,941,105,389","1,425,432,543","1,269,270,054"
Dom. Exports FAS-Imports for Consumption Value,Mexico,62,"ARTICLES OF APPAREL AND CLOTHING ACCESSORIES, NOT KNITTED OR CROCHETED","-1,643,040,214","-1,792,195,316","-1,662,533,777","-1,308,760,026","-1,156,126,203"
Dom. Exports FAS-Imports for Consumption Value,Canada,33,"ESSENTIAL OILS AND RESINOIDS; PERFUMERY, COSMETIC OR TOILET PREPARATIONS","1,093,047,902","1,209,844,290","1,274,792,243","987,006,226","1,015,567,049"
Dom. Exports FAS-Imports for Consumption Value,Canada,35,ALBUMINOIDAL SUBSTANCES; MODIFIED STARCHES; GLUES; ENZYMES,"597,412,218","731,747,294","632,021,226","463,498,708","531,967,176"
Dom. Exports FAS-Imports for Consumption Value,Canada,41,RAW HIDES AND SKINS (OTHER THAN FURSKINS) AND LEATHER,"3,514,650","13,841,833","13,738,931","10,482,424","7,816,946"
Dom. Exports FAS-Imports for Consumption Value,Canada,75,NICKEL AND ARTICLES THEREOF,"-872,496,504","-1,165,868,686","-1,140,533,366","-871,259,537","-507,136,390"
Dom. Exports FAS-Imports for Consumption Value,Canada,88,"AIRCRAFT, SPACECRAFT, AND PARTS THEREOF","4,262,809","1,288,532,425","-604,425,832","888,781,410","-1,675,132,022"
Dom. Exports FAS-Imports for Consumption Value,Mexico,59,"IMPREGNATED, COATED, COVERED OR LAMINATED TEXTILE FABRICS; TEXTILE ARTICLES SUITABLE FOR INDUSTRIAL USE","391,683,909","444,289,356","312,024,718","252,724,806","173,091,877"
Dom. Exports FAS-Imports for Consumption Value,China,45,CORK AND ARTICLES OF CORK,"-15,784,532","-14,866,209","-12,301,454","-9,057,757","-13,144,432"
Dom. Exports FAS-Imports for Consumption Value,Canada,92,MUSICAL INSTRUMENTS; PARTS AND ACCESSORIES THEREOF,"43,604,348","56,504,082","46,811,842","34,913,229","28,928,657"
Dom. Exports FAS-Imports for Consumption Value,Mexico,40,RUBBER AND ARTICLES THEREOF,"-474,410,602","-614,952,821","-900,567,887","-616,622,292","-892,985,088"
Dom. Exports FAS-Imports for Consumption Value,Mexico,84,"NUCLEAR REACTORS, BOILERS, MACHINERY AND MECHANICAL APPLIANCES; PARTS THEREOF","-45,809,561,401","-57,611,992,132","-52,138,566,657","-38,314,559,930","-56,696,673,035"
Dom. Exports FAS-Imports for Consumption Value,Canada,32,"TANNING OR DYEING EXTRACTS; TANNINS AND DERIVATIVES; DYES, PIGMENTS AND OTHER COLORING MATTER; PAINTS AND VARNISHES; PUTTY AND OTHER MASTICS; INKS","1,035,144,376","1,169,809,755","1,091,738,239","858,807,421","853,519,677"
Dom. Exports FAS-Imports for Consumption Value,Canada,20,"PREPARATIONS OF VEGETABLES, FRUIT, NUTS, OR OTHER PARTS OF PLANTS","-438,844,818","-697,897,256","-981,489,390","-746,715,169","-835,785,309"
Dom. Exports FAS-Imports for Consumption Value,Mexico,02,MEAT AND EDIBLE MEAT OFFAL,"1,558,817,750","1,692,330,312","2,287,924,507","1,576,580,032","2,040,225,320"
Dom. Exports FAS-Imports for Consumption Value,Mexico,76,ALUMINUM AND ARTICLES THEREOF,"1,258,085,757","1,673,822,796","1,863,510,835","1,453,403,242","1,499,510,796"
Dom. Exports FAS-Imports for Consumption Value,China,91,CLOCKS AND WATCHES AND PARTS THEREOF,"-543,274,044","-616,399,251","-440,986,074","-316,137,979","-306,315,680"
Dom. Exports FAS-Imports for Consumption Value,Canada,27,"MINERAL FUELS, MINERAL OILS AND PRODUCTS OF THEIR DISTILLATION; BITUMINOUS SUBSTANCES; MINERAL WAXES","-81,769,671,942","-122,602,662,542","-93,199,925,173","-68,260,899,435","-73,913,607,563"
Dom. Exports FAS-Imports for Consumption Value,Canada,56,"WADDING, FELT AND NONWOVENS; SPECIAL YARNS; TWINE, CORDAGE, ROPES AND CABLES AND ARTICLES THEREOF","354,612,806","349,290,882","355,810,595","275,353,374","244,784,077"
Dom. Exports FAS-Imports for Consumption Value,Canada,59,"IMPREGNATED, COATED, COVERED OR LAMINATED TEXTILE FABRICS; TEXTILE ARTICLES SUITABLE FOR INDUSTRIAL USE","-72,781,243","-54,980,021","-118,904,396","-83,702,767","-40,474,295"
Dom. Exports FAS-Imports for Consumption Value,Canada,19,"PREPARATIONS OF CEREALS, FLOUR, STARCH OR MILK; BAKERS' WARES","-2,003,682,255","-2,619,445,116","-3,044,486,800","-2,106,823,144","-2,508,963,526"
Dom. Exports FAS-Imports for Consumption Value,Canada,49,"PRINTED BOOKS, NEWSPAPERS, PICTURES AND OTHER PRINTED PRODUCTS; MANUSCRIPTS, TYPESCRIPTS AND PLANS","978,635,023","874,753,774","778,722,541","570,262,874","537,598,157"
Dom. Exports FAS-Imports for Consumption Value,China,57,CARPETS AND OTHER TEXTILE FLOOR COVERINGS,"-454,552,205","-420,349,008","-376,979,651","-271,441,648","-305,087,807"
Dom. Exports FAS-Imports for Consumption Value,China,79,ZINC AND ARTICLES THEREOF,"-116,048,977","-118,462,054","-110,397,487","-80,590,386","-88,482,252"
Dom. Exports FAS-Imports for Consumption Value,Canada,22,"BEVERAGES, SPIRITS AND VINEGAR","1,369,854,373","1,855,489,321","1,921,928,679","1,506,750,177","1,185,683,916"
Dom. Exports FAS-Imports for Consumption Value,Mexico,72,IRON AND STEEL,"1,089,276,147","1,118,135,625","2,958,137,188","2,263,999,116","2,904,863,793"
Dom. Exports FAS-Imports for Consumption Value,Mexico,25,"SALT; SULFUR; EARTHS AND STONE; PLASTERING MATERIALS, LIME AND CEMENT","-184,443,040","-240,487,177","-291,353,374","-224,305,573","-196,483,299"
Dom. Exports FAS-Imports for Consumption Value,Canada,03,"FISH AND CRUSTACEANS, MOLLUSCS AND OTHER AQUATIC INVERTEBRATES","-3,120,723,750","-2,786,687,504","-2,353,970,105","-1,990,432,361","-2,209,756,453"
Dom. Exports FAS-Imports for Consumption Value,Mexico,41,RAW HIDES AND SKINS (OTHER THAN FURSKINS) AND LEATHER,"154,547,837","153,948,591","151,855,948","126,223,975","55,779,388"
Dom. Exports FAS-Imports for Consumption Value,China,20,"PREPARATIONS OF VEGETABLES, FRUIT, NUTS, OR OTHER PARTS OF PLANTS","-517,225,875","-623,367,097","-477,128,811","-443,989,801","-473,376,542"
Dom. Exports FAS-Imports for Consumption Value,China,92,MUSICAL INSTRUMENTS; PARTS AND ACCESSORIES THEREOF,"-642,820,907","-675,365,960","-474,726,989","-349,471,214","-381,219,681"
Dom. Exports FAS-Imports for Consumption Value,Mexico,37,PHOTOGRAPHIC OR CINEMATOGRAPHIC GOODS,"71,651,523","87,346,659","90,164,883","68,298,512","69,985,766"
Dom. Exports FAS-Imports for Consumption Value,China,49,"PRINTED BOOKS, NEWSPAPERS, PICTURES AND OTHER PRINTED PRODUCTS; MANUSCRIPTS, TYPESCRIPTS AND PLANS","-2,170,179,776","-2,247,937,279","-1,709,978,421","-1,295,211,548","-1,523,200,441"
Dom. Exports FAS-Imports for Consumption Value,Mexico,60,KNITTED OR CROCHETED FABRICS,"253,978,860","281,517,836","230,546,146","178,065,275","142,517,518"
Dom. Exports FAS-Imports for Consumption Value,Canada,43,FURSKINS AND ARTIFICIAL FUR; MANUFACTURES THEREOF,"-23,682,925","-24,336,497","-17,973,665","-13,805,381","-15,471,296"
Dom. Exports FAS-Imports for Consumption Value,Canada,37,PHOTOGRAPHIC OR CINEMATOGRAPHIC GOODS,"38,265,750","27,520,441","20,015,886","14,352,088","13,328,696"
Dom. Exports FAS-Imports for Consumption Value,Mexico,12,"OIL SEEDS AND OLEAGINOUS FRUITS; MISCELLANEOUS GRAINS, SEEDS AND FRUITS; INDUSTRIAL OR MEDICINAL PLANTS; STRAW AND FODDER","2,825,390,665","3,814,867,951","3,073,139,139","2,147,907,202","1,820,173,790"
Dom. Exports FAS-Imports for Consumption Value,China,94,"FURNITURE; BEDDING, CUSHIONS ETC.; LAMPS AND LIGHTING FITTINGS NESOI; ILLUMINATED SIGNS, NAMEPLATES AND THE LIKE; PREFABRICATED BUILDINGS","-27,023,919,236","-25,133,578,250","-17,905,842,867","-13,357,016,861","-14,192,276,436"
Dom. Exports FAS-Imports for Consumption Value,Mexico,64,"FOOTWEAR, GAITERS AND THE LIKE; PARTS OF SUCH ARTICLES","-517,067,381","-737,447,520","-699,801,755","-512,084,377","-474,933,423"
Dom. Exports FAS-Imports for Consumption Value,China,96,MISCELLANEOUS MANUFACTURED ARTICLES,"-3,767,583,815","-4,482,622,803","-3,993,978,076","-2,952,468,198","-3,496,650,528"
Dom. Exports FAS-Imports for Consumption Value,China,01,LIVE ANIMALS,"44,208,552","11,343,103","20,332,255","15,208,117","29,508,362"
Dom. Exports FAS-Imports for Consumption Value,China,89,"SHIPS, BOATS AND FLOATING STRUCTURES","-126,589,170","-138,761,829","-100,406,240","-70,549,626","-125,129,563"
Dom. Exports FAS-Imports for Consumption Value,Mexico,46,"MANUFACTURES OF STRAW, ESPARTO OR OTHER PLAITING MATERIALS; BASKETWARE AND WICKERWORK","-27,592,472","-24,257,612","-32,453,910","-22,475,777","-32,411,619"
Dom. Exports FAS-Imports for Consumption Value,China,60,KNITTED OR CROCHETED FABRICS,"-273,722,114","-257,364,903","-195,652,776","-141,189,116","-162,004,922"
Dom. Exports FAS-Imports for Consumption Value,Mexico,67,PREPARED FEATHERS AND DOWN AND ARTICLES THEREOF; ARTIFICIAL FLOWERS; ARTICLES OF HUMAN HAIR,"-82,259","-1,948,680","-420,456","-240,238","-2,387,960"
Dom. Exports FAS-Imports for Consumption Value,Canada,50,"SILK, INCLUDING YARNS AND WOVEN FABRICS THEREOF","352,427","376,477","239,894","172,034","145,329"
Dom. Exports FAS-Imports for Consumption Value,Canada,66,"UMBRELLAS, SUN UMBRELLAS, WALKING-STICKS, SEAT-STICKS, WHIPS, RIDING-CROPS AND PARTS THEREOF","15,053,095","13,102,162","10,841,516","10,267,892","9,732,616"
Dom. Exports FAS-Imports for Consumption Value,Mexico,24,TOBACCO AND MANUFACTURED TOBACCO SUBSTITUTES,"69,020,160","32,372,822","34,054,169","40,120,966","50,578,370"
Dom. Exports FAS-Imports for Consumption Value,China,26,"ORES, SLAG AND ASH","1,196,308,292","1,219,018,659","959,803,985","756,386,641","809,024,857"
Dom. Exports FAS-Imports for Consumption Value,China,99,"SPECIAL IMPORT REPORTING PROVISIONS, NESOI","-4,362,379,346","-4,476,101,586","-4,675,435,801","-3,410,628,362","-3,757,805,940"
Dom. Exports FAS-Imports for Consumption Value,China,95,"TOYS, GAMES AND SPORTS EQUIPMENT; PARTS AND ACCESSORIES THEREOF","-37,078,146,432","-39,386,755,005","-31,457,329,432","-23,319,957,287","-20,873,394,084"
Dom. Exports FAS-Imports for Consumption Value,China,90,"OPTICAL, PHOTOGRAPHIC, CINEMATOGRAPHIC, MEASURING, CHECKING, PRECISION, MEDICAL OR SURGICAL INSTRUMENTS AND APPARATUS; PARTS AND ACCESSORIES THEREOF","-4,566,185,340","-4,588,426,549","-2,300,180,670","-2,045,010,828","-2,196,572,057"
Dom. Exports FAS-Imports for Consumption Value,Canada,90,"OPTICAL, PHOTOGRAPHIC, CINEMATOGRAPHIC, MEASURING, CHECKING, PRECISION, MEDICAL OR SURGICAL INSTRUMENTS AND APPARATUS; PARTS AND ACCESSORIES THEREOF","1,972,371,103","1,958,935,191","2,175,616,966","1,684,040,735","1,708,810,407"
Dom. Exports FAS-Imports for Consumption Value,China,97,"WORKS OF ART, COLLECTORS' PIECES AND ANTIQUES","-17,389,597","63,857,861","-12,886,196","-41,360,480","-26,354,233"
Dom. Exports FAS-Imports for Consumption Value,China,46,"MANUFACTURES OF STRAW, ESPARTO OR OTHER PLAITING MATERIALS; BASKETWARE AND WICKERWORK","-312,986,443","-282,266,149","-160,240,811","-123,852,506","-111,354,907"
Dom. Exports FAS-Imports for Consumption Value,Canada,01,LIVE ANIMALS,"-1,049,070,545","-1,389,834,826","-1,461,658,790","-1,060,587,910","-1,335,805,610"
Dom. Exports FAS-Imports for Consumption Value,Canada,14,"VEGETABLE PLAITING MATERIALS AND VEGETABLE PRODUCTS, NESOI","5,297,816","5,878,542","3,740,576","3,806,634","5,426,128"
Dom. Exports FAS-Imports for Consumption Value,China,74,COPPER AND ARTICLES THEREOF,"1,041,961,688","1,415,504,187","1,764,740,409","1,194,477,994","1,748,919,906"
Dom. Exports FAS-Imports for Consumption Value,Mexico,10,CEREALS,"6,424,716,060","6,925,054,419","6,891,395,023","5,209,727,333","5,475,374,086"
Dom. Exports FAS-Imports for Consumption Value,Canada,38,MISCELLANEOUS CHEMICAL PRODUCTS,"2,054,672,002","2,715,775,116","2,716,762,159","2,050,211,612","1,887,844,465"
Dom. Exports FAS-Imports for Consumption Value,Mexico,29,ORGANIC CHEMICALS,"4,615,019,393","6,430,978,504","5,150,409,503","3,997,972,341","4,027,676,935"
Dom. Exports FAS-Imports for Consumption Value,China,62,"ARTICLES OF APPAREL AND CLOTHING ACCESSORIES, NOT KNITTED OR CROCHETED","-8,302,733,320","-9,287,077,571","-7,354,374,457","-5,825,217,741","-5,633,891,851"
Dom. Exports FAS-Imports for Consumption Value,China,58,SPECIAL WOVEN FABRICS; TUFTED TEXTILE FABRICS; LACE; TAPESTRIES; TRIMMINGS; EMBROIDERY,"-259,162,832","-271,425,940","-209,400,694","-157,853,142","-164,040,497"
Dom. Exports FAS-Imports for Consumption Value,Canada,86,"RAILWAY OR TRAMWAY LOCOMOTIVES, ROLLING STOCK, TRACK FIXTURES AND FITTINGS, AND PARTS THEREOF; MECHANICAL ETC. TRAFFIC SIGNAL EQUIPMENT OF ALL KINDS","510,174,595","567,863,590","251,517,282","236,569,045","304,840,538"
Dom. Exports FAS-Imports for Consumption Value,Canada,21,MISCELLANEOUS EDIBLE PREPARATIONS,"765,155,423","814,013,151","1,022,325,677","798,137,365","820,375,637"
Dom. Exports FAS-Imports for Consumption Value,Mexico,03,"FISH AND CRUSTACEANS, MOLLUSCS AND OTHER AQUATIC INVERTEBRATES","-560,631,813","-584,006,472","-473,136,126","-354,176,539","-279,871,345"
Dom. Exports FAS-Imports for Consumption Value,Canada,84,"NUCLEAR REACTORS, BOILERS, MACHINERY AND MECHANICAL APPLIANCES; PARTS THEREOF","8,088,358,481","7,365,079,974","5,918,355,791","4,690,390,836","6,098,749,055"
Dom. Exports FAS-Imports for Consumption Value,China,10,CEREALS,"7,587,083,555","7,387,025,587","3,175,557,312","2,437,269,145","1,825,258,553"
Dom. Exports FAS-Imports for Consumption Value,China,64,"FOOTWEAR, GAITERS AND THE LIKE; PARTS OF SUCH ARTICLES","-11,005,445,364","-13,568,128,926","-9,581,086,831","-7,587,450,444","-7,550,134,766"
Dom. Exports FAS-Imports for Consumption Value,Mexico,50,"SILK, INCLUDING YARNS AND WOVEN FABRICS THEREOF","-2,444,293","-1,853,163","-2,316,228","-1,792,494","-907,315"
Dom. Exports FAS-Imports for Consumption Value,Mexico,11,MILLING INDUSTRY PRODUCTS; MALT; STARCHES; INULIN; WHEAT GLUTEN,"373,956,577","325,003,830","336,715,200","272,366,217","265,559,294"
Dom. Exports FAS-Imports for Consumption Value,Mexico,47,PULP OF WOOD OR OTHER FIBROUS CELLULOSIC MATERIAL; RECOVERED (WASTE AND SCRAP) PAPER AND PAPERBOARD,"906,641,196","1,120,970,837","971,132,311","759,942,968","727,456,192"
Dom. Exports FAS-Imports for Consumption Value,Mexico,19,"PREPARATIONS OF CEREALS, FLOUR, STARCH OR MILK; BAKERS' WARES","-1,530,414,272","-2,042,540,188","-2,251,964,740","-1,676,495,577","-1,731,990,143"
Dom. Exports FAS-Imports for Consumption Value,Canada,02,MEAT AND EDIBLE MEAT OFFAL,"-2,293,028,447","-2,392,051,967","-2,431,100,808","-1,693,747,117","-1,599,615,475"
Dom. Exports FAS-Imports for Consumption Value,Mexico,04,"DAIRY PRODUCE; BIRDS' EGGS; NATURAL HONEY; EDIBLE PRODUCTS OF ANIMAL ORIGIN, NESOI","1,730,006,942","2,260,397,977","2,156,112,965","1,618,739,416","1,589,016,838"
Dom. Exports FAS-Imports for Consumption Value,China,21,MISCELLANEOUS EDIBLE PREPARATIONS,"-216,490,468","-355,614,432","-275,204,580","-198,426,660","-318,474,792"
Dom. Exports FAS-Imports for Consumption Value,Mexico,28,"INORGANIC CHEMICALS; ORGANIC OR INORGANIC COMPOUNDS OF PRECIOUS METALS, OF RARE-EARTH METALS, OF RADIOACTIVE ELEMENTS OR OF ISOTOPES","1,607,785,229","1,472,505,805","1,247,133,476","989,110,875","788,299,093"
Dom. Exports FAS-Imports for Consumption Value,China,23,RESIDUES AND WASTE FROM THE FOOD INDUSTRIES; PREPARED ANIMAL FEED,"337,239,408","412,922,414","761,945,785","609,570,083","471,770,059"
Dom. Exports FAS-Imports for Consumption Value,Canada,16,"EDIBLE PREPARATIONS OF MEAT, FISH, CRUSTACEANS, MOLLUSCS OR OTHER AQUATIC INVERTEBRATES","-155,927,166","-53,122,182","-139,650,229","-127,799,765","-189,184,196"
Dom. Exports FAS-Imports for Consumption Value,Canada,79,ZINC AND ARTICLES THEREOF,"-1,388,960,606","-1,390,353,749","-1,116,985,388","-844,754,610","-826,641,345"
Dom. Exports FAS-Imports for Consumption Value,China,68,"ARTICLES OF STONE, PLASTER, CEMENT, ASBESTOS, MICA OR SIMILAR MATERIALS","-860,909,932","-862,419,913","-623,766,087","-476,038,241","-457,702,045"
Dom. Exports FAS-Imports for Consumption Value,China,47,PULP OF WOOD OR OTHER FIBROUS CELLULOSIC MATERIAL; RECOVERED (WASTE AND SCRAP) PAPER AND PAPERBOARD,"1,838,563,000","1,985,721,958","1,675,191,017","1,271,369,438","896,186,874"
Dom. Exports FAS-Imports for Consumption Value,Canada,78,LEAD AND ARTICLES THEREOF,"-431,952,694","-361,014,489","-376,076,857","-277,102,246","-224,581,706"
Dom. Exports FAS-Imports for Consumption Value,Canada,05,"PRODUCTS OF ANIMAL ORIGIN, NESOI","-44,772,759","-61,677,478","-45,991,939","-32,813,962","-40,303,708"
Dom. Exports FAS-Imports for Consumption Value,China,52,"COTTON, INCLUDING YARNS AND WOVEN FABRICS THEREOF","1,245,587,167","2,795,773,869","1,508,246,446","1,139,459,219","1,343,535,893"
Dom. Exports FAS-Imports for Consumption Value,Canada,46,"MANUFACTURES OF STRAW, ESPARTO OR OTHER PLAITING MATERIALS; BASKETWARE AND WICKERWORK","8,490,959","-1,627,541","6,609,201","5,272,563","5,399,679"
Dom. Exports FAS-Imports for Consumption Value,Canada,18,COCOA AND COCOA PREPARATIONS,"-879,118,178","-1,088,629,789","-1,149,709,231","-841,928,926","-1,113,348,545"
Dom. Exports FAS-Imports for Consumption Value,Mexico,53,VEGETABLE TEXTILE FIBERS NESOI; YARNS AND WOVEN FABRICS OF VEGETABLE TEXTILE FIBERS NESOI AND PAPER,"1,448,933","1,745,283","3,971,523","2,997,927","2,100,260"
Dom. Exports FAS-Imports for Consumption Value,Canada,71,"NATURAL OR CULTURED PEARLS, PRECIOUS OR SEMIPRECIOUS STONES, PRECIOUS METALS; PRECIOUS METAL CLAD METALS, ARTICLES THEREOF; IMITATION JEWELRY; COIN","-1,970,789,953","-1,052,730,344","-7,671,121,069","-6,282,730,998","-1,001,736,693"
Dom. Exports FAS-Imports for Consumption Value,Mexico,68,"ARTICLES OF STONE, PLASTER, CEMENT, ASBESTOS, MICA OR SIMILAR MATERIALS","-536,062,999","-656,440,888","-660,870,464","-516,867,420","-541,244,006"
Dom. Exports FAS-Imports for Consumption Value,Mexico,63,MADE-UP TEXTILE ARTICLES NESOI; NEEDLECRAFT SETS; WORN CLOTHING AND WORN TEXTILE ARTICLES; RAGS,"-912,640,432","-841,587,234","-902,044,138","-676,030,654","-701,650,904"
Dom. Exports FAS-Imports for Consumption Value,Canada,80,TIN AND ARTICLES THEREOF,"-5,087,037","-6,694,883","-5,128,985","-4,273,835","793,416"
Dom. Exports FAS-Imports for Consumption Value,Canada,95,"TOYS, GAMES AND SPORTS EQUIPMENT; PARTS AND ACCESSORIES THEREOF","737,347,606","793,064,986","822,628,920","622,634,020","637,028,027"
Dom. Exports FAS-Imports for Consumption Value,Canada,68,"ARTICLES OF STONE, PLASTER, CEMENT, ASBESTOS, MICA OR SIMILAR MATERIALS","132,793,518","164,556,650","87,499,136","81,150,528","85,620,005"
Dom. Exports FAS-Imports for Consumption Value,Mexico,88,"AIRCRAFT, SPACECRAFT, AND PARTS THEREOF","2,566,415,484","3,181,959,806","2,846,223,850","2,140,073,483","2,922,659,726"
Dom. Exports FAS-Imports for Consumption Value,Mexico,58,SPECIAL WOVEN FABRICS; TUFTED TEXTILE FABRICS; LACE; TAPESTRIES; TRIMMINGS; EMBROIDERY,"101,235,459","98,768,935","88,921,815","70,609,216","59,839,157"
Dom. Exports FAS-Imports for Consumption Value,Canada,98,"SPECIAL CLASSIFICATION PROVISIONS, NESOI","-5,504,748,725","-5,385,263,289","-5,739,462,431","-5,290,634,732","-2,042,260,058"
Dom. Exports FAS-Imports for Consumption Value,Canada,83,MISCELLANEOUS ARTICLES OF BASE METAL,"227,008,391","178,851,214","128,921,197","114,180,191","-27,684,413"
Dom. Exports FAS-Imports for Consumption Value,Canada,99,"SPECIAL IMPORT REPORTING PROVISIONS, NESOI","-2,565,392,031","-2,631,274,180","-2,771,156,843","-2,074,066,516","-2,062,317,422"
Dom. Exports FAS-Imports for Consumption Value,China,44,WOOD AND ARTICLES OF WOOD; WOOD CHARCOAL,"-863,922,675","-1,143,507,314","-492,992,988","-316,009,526","-176,853,324"
Dom. Exports FAS-Imports for Consumption Value,Canada,10,CEREALS,"117,897,923","220,681,855","-590,410,157","-587,236,030","-228,985,737"
Dom. Exports FAS-Imports for Consumption Value,Mexico,01,LIVE ANIMALS,"-577,327,491","-455,549,093","-992,545,029","-653,217,238","-985,371,044"
Dom. Exports FAS-Imports for Consumption Value,China,17,SUGARS AND SUGAR CONFECTIONERY,"1,787,205","-16,192,888","-45,299,159","-22,817,984","-68,289,964"
Dom. Exports FAS-Imports for Consumption Value,Mexico,54,"MANMADE FILAMENTS, INCLUDING YARNS AND WOVEN FABRICS THEREOF","236,415,217","292,037,750","303,202,616","231,523,677","308,888,424"
Dom. Exports FAS-Imports for Consumption Value,Canada,64,"FOOTWEAR, GAITERS AND THE LIKE; PARTS OF SUCH ARTICLES","101,987,040","135,005,945","144,291,238","112,112,484","104,318,115"
Dom. Exports FAS-Imports for Consumption Value,Mexico,42,"ARTICLES OF LEATHER; SADDLERY AND HARNESS; TRAVEL GOODS, HANDBAGS AND SIMILAR CONTAINERS; ARTICLES  OF GUT (OTHER THAN SILKWORM GUT)","-169,990,602","-248,484,636","-261,332,240","-203,828,189","-127,521,591"
Dom. Exports FAS-Imports for Consumption Value,Canada,42,"ARTICLES OF LEATHER; SADDLERY AND HARNESS; TRAVEL GOODS, HANDBAGS AND SIMILAR CONTAINERS; ARTICLES  OF GUT (OTHER THAN SILKWORM GUT)","245,015,185","248,670,903","234,193,582","174,800,818","163,804,672"
Dom. Exports FAS-Imports for Consumption Value,Canada,72,IRON AND STEEL,"-4,788,601,512","-4,632,050,785","-3,277,154,245","-2,416,103,526","-2,610,102,102"
Dom. Exports FAS-Imports for Consumption Value,Mexico,85,"ELECTRICAL MACHINERY AND EQUIPMENT AND PARTS THEREOF; SOUND RECORDERS AND REPRODUCERS, TELEVISION RECORDERS AND REPRODUCERS, PARTS AND ACCESSORIES","-52,736,046,666","-59,119,016,793","-64,285,403,917","-48,670,660,510","-48,138,198,360"
Dom. Exports FAS-Imports for Consumption Value,Mexico,32,"TANNING OR DYEING EXTRACTS; TANNINS AND DERIVATIVES; DYES, PIGMENTS AND OTHER COLORING MATTER; PAINTS AND VARNISHES; PUTTY AND OTHER MASTICS; INKS","1,211,881,318","1,426,448,347","1,305,679,531","990,772,876","909,457,794"
Dom. Exports FAS-Imports for Consumption Value,Mexico,91,CLOCKS AND WATCHES AND PARTS THEREOF,"-26,714,119","-20,701,745","-12,501,324","-11,659,407","1,456,404"
Dom. Exports FAS-Imports for Consumption Value,China,82,"TOOLS, IMPLEMENTS, CUTLERY, SPOONS AND FORKS, OF BASE METAL; PARTS THEREOF OF BASE METAL","-3,921,816,615","-3,676,473,079","-2,821,519,144","-2,113,676,418","-2,209,230,371"
Dom. Exports FAS-Imports for Consumption Value,Canada,82,"TOOLS, IMPLEMENTS, CUTLERY, SPOONS AND FORKS, OF BASE METAL; PARTS THEREOF OF BASE METAL","570,296,055","667,725,560","750,731,619","573,127,746","516,980,414"
Dom. Exports FAS-Imports for Consumption Value,Canada,70,GLASS AND GLASSWARE,"1,061,489,838","1,140,355,662","1,173,539,460","902,686,079","790,047,186"
Dom. Exports FAS-Imports for Consumption Value,Mexico,99,"SPECIAL IMPORT REPORTING PROVISIONS, NESOI","-2,713,088,642","-2,828,610,534","-2,934,561,649","-2,216,637,628","-2,108,666,370"
Dom. Exports FAS-Imports for Consumption Value,China,66,"UMBRELLAS, SUN UMBRELLAS, WALKING-STICKS, SEAT-STICKS, WHIPS, RIDING-CROPS AND PARTS THEREOF","-666,530,945","-727,151,851","-531,793,926","-428,099,696","-469,530,360"
Dom. Exports FAS-Imports for Consumption Value,China,07,EDIBLE VEGETABLES AND CERTAIN ROOTS AND TUBERS,"-262,237,746","-319,661,076","-261,607,025","-183,316,888","-253,601,868"
Dom. Exports FAS-Imports for Consumption Value,Mexico,48,"PAPER AND PAPERBOARD; ARTICLES OF PAPER PULP, PAPER OR PAPERBOARD","2,953,296,047","2,777,013,076","2,514,697,971","1,928,554,367","1,862,489,595"
Dom. Exports FAS-Imports for Consumption Value,Mexico,09,"COFFEE, TEA, MATE AND SPICES","-345,653,679","-525,064,009","-453,245,473","-363,485,184","-350,275,675"
Total:,,,,"-634,251,631,450","-728,671,500,472","-644,420,362,366","-478,587,257,033","-503,767,696,783"
